Supplier_ID,Year,Financial_Stability_Score,Delivery_Performance_Score,Quality_Compliance_Score,Regulatory_Adherence_Score,Sustainability_Score,Past_Risk_Level,ERP_Transactions,Incidents_Count,MCDM_Score,Risk_Category,Risk_Score_Equal,Risk_Score_Priority,Risk_Class_Equal,Risk_Class_Priority
52,2025,0.43,0.87,0.8,0.78,0.37,0.46,422,3,0.66,Medium,0.49983530254206937,0.5221466165413534,Medium Risk,Medium Risk
24,2023,0.31,0.98,0.92,0.68,0.43,0.18,363,11,0.67,Medium,0.507468671679198,0.523409022556391,Medium Risk,Medium Risk
89,2021,0.67,0.64,0.52,0.99,0.46,0.09,495,18,0.66,Medium,0.5521750805585391,0.5686796992481202,Medium Risk,Medium Risk
55,2024,0.71,0.43,0.8,0.67,0.35,0.95,365,13,0.62,Medium,0.7360096670247047,0.694921052631579,High Risk,High Risk
9,2022,0.37,0.81,0.72,0.65,0.65,0.03,255,16,0.62,Medium,0.5748245614035087,0.5945105263157895,Medium Risk,Medium Risk
36,2022,0.76,0.59,0.76,0.82,0.43,0.97,267,11,0.69,Medium,0.6170605084138919,0.5789375939849624,Medium Risk,Medium Risk
34,2022,0.93,0.76,0.96,0.64,0.44,0.05,345,15,0.8,High,0.44563909774436083,0.36534736842105264,Medium Risk,Medium Risk
82,2025,0.71,0.98,0.8,0.71,0.51,0.17,394,6,0.78,High,0.3940583601861798,0.354436090225564,Medium Risk,Medium Risk
9,2021,0.44,0.4,0.91,0.88,0.81,0.77,310,9,0.63,Medium,0.5421589688506981,0.6276255639097744,Medium Risk,Medium Risk
41,2024,0.9,0.77,0.67,0.63,0.52,0.33,148,11,0.74,High,0.5294074471894021,0.44519473684210525,Medium Risk,Medium Risk
86,2023,0.69,0.63,0.99,0.94,0.81,0.24,447,6,0.78,High,0.29382026494808455,0.34910751879699253,Low Risk,Medium Risk
27,2021,0.8,0.47,0.72,0.68,0.93,0.48,145,3,0.7,Medium,0.4667060508413891,0.47423233082706767,Medium Risk,Medium Risk
94,2025,0.47,0.65,0.88,0.69,0.35,0.29,135,1,0.62,Medium,0.5180970282849983,0.5565345864661654,Medium Risk,Medium Risk
42,2025,0.51,0.46,0.73,0.69,0.59,0.88,177,6,0.58,Medium,0.6709291084854995,0.6942075187969925,High Risk,High Risk
62,2021,0.49,0.79,0.5,0.74,0.51,0.16,460,8,0.61,Medium,0.5728034371643395,0.5873195488721805,Medium Risk,Medium Risk
62,2025,0.78,0.56,0.62,0.67,0.45,0.56,229,16,0.64,Medium,0.6886340852130325,0.6302962406015038,High Risk,Medium Risk
62,2021,0.48,0.55,0.85,0.88,0.4,1.0,236,16,0.62,Medium,0.6845864661654134,0.6995676691729323,High Risk,High Risk
2,2022,0.59,0.42,0.67,0.85,0.78,0.53,267,5,0.62,Medium,0.5278320802005012,0.5908300751879699,Medium Risk,Medium Risk
32,2024,0.36,0.62,0.62,0.92,0.63,0.98,444,15,0.59,Medium,0.6865234514858575,0.7297473684210526,High Risk,High Risk
16,2021,0.41,0.7,0.85,0.94,0.53,0.22,395,2,0.66,Medium,0.3985069817400645,0.4899548872180451,Medium Risk,Medium Risk
19,2024,0.75,0.5,0.85,0.75,0.96,0.14,490,17,0.73,High,0.4581936985320444,0.4701879699248121,Medium Risk,Medium Risk
23,2022,0.48,0.8,0.91,0.82,0.67,0.24,353,11,0.72,High,0.4280809165771572,0.4637233082706767,Medium Risk,Medium Risk
69,2025,0.92,0.51,0.64,0.88,0.89,0.86,103,0,0.75,High,0.4240136054421768,0.42324285714285714,Medium Risk,Medium Risk
24,2024,0.36,0.5,0.95,0.84,0.31,0.1,148,17,0.58,Medium,0.6040100250626567,0.6747593984962406,Medium Risk,High Risk
82,2022,0.78,0.79,0.61,0.88,0.47,0.33,453,7,0.73,High,0.4571213748657357,0.43688496240601504,Medium Risk,Medium Risk
7,2023,0.76,0.74,0.55,0.75,0.49,0.24,87,5,0.68,Medium,0.504702828499821,0.4810300751879699,Medium Risk,Medium Risk
51,2023,0.6,0.61,0.82,0.87,0.9,0.23,353,18,0.72,High,0.46095059076262085,0.4970368421052633,Medium Risk,Medium Risk
4,2023,0.84,0.43,1.0,0.79,0.5,0.88,429,8,0.73,High,0.5312728249194414,0.511890977443609,Medium Risk,Medium Risk
37,2025,0.6,0.98,0.98,0.94,0.51,0.39,210,2,0.81,High,0.28428929466523456,0.305012030075188,Low Risk,Low Risk
18,2021,0.58,0.91,0.97,0.63,0.45,0.67,200,1,0.74,High,0.4633351235230935,0.43399172932330826,Medium Risk,Medium Risk
27,2022,0.91,0.84,0.85,0.88,0.55,0.29,296,2,0.84,High,0.2904797708557107,0.2639548872180451,Low Risk,Low Risk
50,2021,0.73,0.45,0.5,0.85,0.44,0.07,449,13,0.6,Medium,0.6045130683852487,0.620063909774436,Medium Risk,Medium Risk
76,2023,0.54,0.63,0.55,0.83,0.33,0.47,112,16,0.59,Medium,0.695436806301468,0.6944248120300753,High Risk,High Risk
52,2022,0.88,0.62,0.56,0.81,0.84,0.22,54,6,0.74,High,0.4177318295739348,0.41040751879699244,Medium Risk,Medium Risk
68,2025,0.44,0.65,0.85,0.66,0.39,0.97,155,18,0.6,Medium,0.7603043322592196,0.733093984962406,High Risk,High Risk
17,2023,0.61,0.45,0.51,0.99,0.89,0.7,178,0,0.63,Medium,0.4765646258503401,0.5596142857142857,Medium Risk,Medium Risk
34,2021,0.76,0.57,0.98,0.9,0.69,0.61,296,2,0.77,High,0.358234872896527,0.388512030075188,Medium Risk,Medium Risk
76,2022,0.55,0.85,0.51,0.65,0.33,0.04,287,19,0.61,Medium,0.6778571428571428,0.6327571428571428,High Risk,Medium Risk
69,2024,0.31,0.86,0.9,0.74,0.63,0.65,299,9,0.66,Medium,0.5316147511636233,0.5636541353383459,Medium Risk,Medium Risk
69,2024,0.33,0.62,0.81,0.8,0.9,0.66,53,15,0.63,Medium,0.5804010025062656,0.6414902255639099,Medium Risk,Medium Risk
24,2022,0.32,0.75,0.97,0.83,0.57,0.64,466,18,0.66,Medium,0.5821070533476549,0.617893984962406,Medium Risk,Medium Risk
43,2025,0.74,0.89,0.83,0.68,0.49,0.21,351,1,0.76,High,0.3837092731829574,0.3533917293233083,Medium Risk,Medium Risk
35,2021,0.76,0.63,0.84,0.74,0.48,0.5,363,17,0.71,High,0.581016827783745,0.5368593984962405,Medium Risk,Medium Risk
75,2025,0.33,0.65,0.98,0.82,0.6,0.57,276,16,0.64,Medium,0.5734300035803795,0.6261962406015038,Medium Risk,Medium Risk
99,2024,0.56,0.87,0.67,0.97,0.9,0.43,62,2,0.76,High,0.32262262799856783,0.3762548872180451,Low Risk,Medium Risk
30,2021,0.67,0.7,0.69,0.72,0.37,0.05,494,8,0.66,Medium,0.5232116004296455,0.514990977443609,Medium Risk,Medium Risk
19,2024,0.55,0.97,0.84,0.79,0.65,0.08,118,2,0.76,High,0.31758861439312563,0.3411977443609022,Low Risk,Medium Risk
12,2021,0.69,0.53,0.97,0.91,0.38,0.93,235,6,0.71,High,0.5203848907984246,0.531878947368421,Medium Risk,Medium Risk
14,2022,0.61,0.93,0.68,0.65,0.4,0.76,450,5,0.69,Medium,0.5813014679556032,0.5247300751879699,Medium Risk,Medium Risk
7,2025,0.46,0.64,0.95,0.66,0.66,0.23,185,15,0.65,Medium,0.5466595059076261,0.5706616541353384,Medium Risk,Medium Risk
65,2024,0.47,0.94,0.8,0.74,0.8,0.48,413,6,0.73,High,0.42694951664876474,0.4404360902255639,Medium Risk,Medium Risk
91,2022,0.93,0.47,0.75,0.6,0.63,0.06,366,8,0.7,Medium,0.49899391335481563,0.46374812030075185,Medium Risk,Medium Risk
39,2021,0.78,0.54,0.7,0.79,0.36,0.53,166,5,0.66,Medium,0.5590565699964196,0.5457443609022556,Medium Risk,Medium Risk
58,2024,0.98,0.73,0.66,0.62,0.95,0.92,213,2,0.8,High,0.4578947368421052,0.3769977443609023,Medium Risk,Medium Risk
19,2024,0.35,0.5,0.61,0.72,1.0,0.7,308,15,0.56,Medium,0.6759112065878984,0.7320616541353384,High Risk,High Risk
87,2021,0.94,0.98,0.53,0.76,0.37,0.34,171,3,0.78,High,0.4367060508413892,0.3491323308270678,Medium Risk,Medium Risk
90,2022,0.46,0.56,0.68,0.7,0.62,0.03,250,0,0.58,Medium,0.49537414965986387,0.5681999999999999,Medium Risk,Medium Risk
84,2025,0.78,0.5,0.96,0.93,0.96,0.73,352,1,0.79,High,0.32034192624418184,0.368806015037594,Low Risk,Medium Risk
10,2022,0.69,0.5,0.71,0.91,0.64,0.99,316,16,0.67,Medium,0.6325116362334408,0.6277533834586467,Medium Risk,Medium Risk
77,2021,0.63,0.65,0.64,0.62,0.91,0.81,400,4,0.66,Medium,0.5615717866093805,0.5510097744360901,Medium Risk,Medium Risk
3,2025,0.71,0.84,0.88,0.75,0.47,0.21,50,18,0.76,High,0.49435195130683857,0.4480796992481204,Medium Risk,Medium Risk
45,2025,0.45,0.93,0.88,0.62,0.49,0.02,299,1,0.69,Medium,0.4133691371285356,0.43124887218045116,Medium Risk,Medium Risk
54,2023,0.66,0.91,0.78,0.82,0.91,0.4,161,14,0.8,High,0.3987325456498389,0.38366992481203,Medium Risk,Medium Risk
23,2025,0.73,0.82,0.61,0.65,0.31,0.35,147,17,0.67,Medium,0.6530236305048335,0.5714451127819549,Medium Risk,Medium Risk
30,2023,0.36,0.84,0.77,0.78,0.94,0.3,155,18,0.68,Medium,0.5034335839598997,0.5408225563909775,Medium Risk,Medium Risk
81,2025,0.86,0.68,0.92,0.91,0.35,0.05,311,1,0.78,High,0.3070766201217329,0.317206015037594,Low Risk,Low Risk
77,2023,0.71,0.6,0.77,0.78,0.71,0.4,449,7,0.7,Medium,0.46766559255281054,0.4780706766917294,Medium Risk,Medium Risk
4,2024,0.54,0.94,0.74,0.87,0.42,0.19,452,4,0.72,High,0.4044629430719657,0.423224060150376,Medium Risk,Medium Risk
82,2024,0.54,0.42,0.77,0.81,0.55,0.89,482,13,0.6,Medium,0.682268170426065,0.7063639097744361,High Risk,High Risk
90,2025,0.53,0.46,0.74,0.88,0.66,0.16,97,16,0.62,Medium,0.5541783029001073,0.6155248120300751,Medium Risk,Medium Risk
26,2024,0.86,0.85,0.59,0.68,0.56,0.48,77,13,0.75,High,0.5518259935553168,0.4626639097744361,Medium Risk,Medium Risk
88,2022,0.82,0.42,0.63,0.89,0.93,0.51,288,12,0.7,Medium,0.4971983530254206,0.5157864661654136,Medium Risk,Medium Risk
18,2022,0.55,0.64,0.55,0.89,0.43,0.56,322,6,0.61,Medium,0.5868474758324381,0.6157218045112782,Medium Risk,Medium Risk
86,2022,0.67,0.54,0.67,0.79,0.55,0.65,195,14,0.64,Medium,0.6361134980307911,0.6254842105263156,Medium Risk,Medium Risk
100,2022,0.69,0.75,0.78,0.75,0.54,0.9,369,1,0.72,High,0.5048997493734336,0.4818203007518797,Medium Risk,Medium Risk
59,2023,0.99,0.76,0.62,0.64,0.41,0.25,53,10,0.75,High,0.5276369495166486,0.42900300751879694,Medium Risk,Medium Risk
62,2021,0.36,0.71,0.71,0.99,0.38,0.4,269,10,0.61,Medium,0.5449498746867167,0.6158172932330828,Medium Risk,Medium Risk
4,2021,0.64,0.83,0.91,0.89,0.67,0.48,222,11,0.78,High,0.39757071249552445,0.401509022556391,Medium Risk,Medium Risk
5,2022,0.53,0.66,0.75,0.7,0.38,0.61,369,5,0.62,Medium,0.6067096312209095,0.6100300751879698,Medium Risk,Medium Risk
37,2023,0.95,0.59,0.8,0.75,0.62,0.55,187,11,0.77,High,0.4930809165771572,0.4373947368421053,Medium Risk,Medium Risk
2,2025,0.78,0.45,0.57,0.6,0.38,0.47,87,2,0.59,Medium,0.6502756892230578,0.624112030075188,Medium Risk,Medium Risk
94,2021,0.9,0.85,0.7,0.97,0.99,0.21,84,0,0.87,High,0.1845918367346939,0.19764285714285712,Low Risk,Low Risk
40,2024,0.89,0.48,0.9,0.68,0.41,0.16,54,18,0.71,High,0.567719298245614,0.5178796992481203,Medium Risk,Medium Risk
78,2022,0.94,0.59,0.79,0.87,0.62,0.71,337,18,0.78,High,0.5306104547081991,0.4726939849624061,Medium Risk,Medium Risk
38,2021,0.82,0.7,0.62,0.96,0.57,0.54,153,7,0.75,High,0.44854994629430717,0.4396421052631579,Medium Risk,Medium Risk
51,2023,0.6,0.6,0.87,0.88,0.42,0.88,338,19,0.68,Medium,0.6438095238095237,0.6312285714285714,Medium Risk,Medium Risk
94,2023,0.85,0.49,0.66,0.7,0.82,0.03,135,1,0.7,Medium,0.40486573576799145,0.4213060150375941,Medium Risk,Medium Risk
10,2025,0.91,0.61,0.91,0.64,0.89,0.13,233,14,0.79,High,0.41179377013963475,0.3705842105263158,Medium Risk,Medium Risk
29,2025,0.64,0.65,0.89,0.6,0.72,0.57,331,10,0.69,Medium,0.5448478338703902,0.5235887218045113,Medium Risk,Medium Risk
27,2025,0.88,0.98,0.67,0.69,0.6,0.29,412,11,0.81,High,0.4400196920873613,0.35083759398496245,Medium Risk,Medium Risk
90,2025,0.4,0.46,0.63,0.89,0.72,0.1,373,4,0.57,Medium,0.4975241675617616,0.6136812030075188,Medium Risk,Medium Risk
37,2022,0.84,0.62,0.53,0.63,0.37,0.84,316,0,0.64,Medium,0.6381292517006802,0.5739142857142857,Medium Risk,Medium Risk
46,2025,0.99,0.9,0.56,0.97,0.91,0.52,473,14,0.87,High,0.3601951306838525,0.2990842105263158,Medium Risk,Low Risk
21,2021,0.82,0.52,0.89,0.84,0.38,0.41,139,10,0.72,High,0.4998818474758324,0.48908872180451124,Medium Risk,Medium Risk
38,2022,0.63,0.69,0.96,0.83,0.32,0.91,231,6,0.71,High,0.5353508771929826,0.5250503759398497,Medium Risk,Medium Risk
52,2025,0.94,0.62,0.79,0.85,0.31,0.66,386,19,0.75,High,0.5942517006802721,0.5151714285714286,Medium Risk,Medium Risk
49,2024,0.59,0.45,1.0,0.8,0.72,0.07,264,18,0.68,Medium,0.4885356247762263,0.5363796992481203,Medium Risk,Medium Risk
56,2023,0.54,0.68,0.81,0.75,0.89,0.59,306,13,0.7,Medium,0.5181185105621194,0.5335353383458645,Medium Risk,Medium Risk
47,2022,0.67,0.66,0.7,0.82,0.41,0.18,462,6,0.67,Medium,0.4895345506623703,0.5025789473684211,Medium Risk,Medium Risk
3,2022,0.49,0.79,0.7,0.61,0.41,0.72,398,7,0.62,Medium,0.6549785177228785,0.6277706766917294,Medium Risk,Medium Risk
65,2021,0.46,0.54,0.84,0.61,0.37,0.8,116,18,0.57,Medium,0.7829233798782671,0.7626225563909773,High Risk,High Risk
97,2024,0.47,0.46,0.62,0.89,0.9,0.83,214,13,0.6,Medium,0.6213157894736842,0.6813639097744361,Medium Risk,High Risk
95,2022,0.31,0.45,0.6,0.61,0.43,0.58,237,17,0.46,Medium,0.85234335839599,0.8776879699248121,High Risk,High Risk
2,2021,0.87,0.61,0.63,0.75,0.71,0.27,310,4,0.72,High,0.442218045112782,0.42646691729323316,Medium Risk,Medium Risk
38,2021,0.61,0.58,0.97,0.91,0.4,0.87,169,13,0.7,Medium,0.5647851772287862,0.5729353383458647,Medium Risk,Medium Risk
87,2021,0.64,0.71,0.87,0.88,0.58,0.22,327,10,0.73,High,0.4148478338703903,0.4387887218045113,Medium Risk,Medium Risk
4,2022,0.67,0.5,0.64,0.61,0.94,0.12,405,8,0.64,Medium,0.5180755460078769,0.5374195488721805,Medium Risk,Medium Risk
38,2022,0.69,0.79,0.91,0.68,0.31,0.14,362,5,0.72,High,0.45167561761546715,0.4292157894736842,Medium Risk,Medium Risk
91,2022,0.72,0.8,0.59,0.97,0.59,0.38,171,13,0.74,High,0.4683225921947726,0.46144962406015044,Medium Risk,Medium Risk
64,2022,0.42,0.84,0.54,0.84,0.47,0.39,345,10,0.62,Medium,0.5840995345506624,0.6062315789473685,Medium Risk,Medium Risk
36,2021,0.81,0.77,0.97,0.76,0.97,0.14,361,0,0.84,High,0.2139455782312925,0.2283,Low Risk,Low Risk
36,2024,0.41,0.9,0.92,0.98,0.41,0.62,499,8,0.72,High,0.4433476548514142,0.484190977443609,Medium Risk,Medium Risk
73,2021,0.59,0.82,0.8,0.78,0.35,0.08,157,11,0.69,Medium,0.4890332975295381,0.48518045112781955,Medium Risk,Medium Risk
51,2022,0.37,0.59,0.9,0.98,0.85,0.69,352,11,0.67,Medium,0.47379520229144284,0.5669661654135337,Medium Risk,Medium Risk
62,2023,0.81,0.88,0.83,0.88,0.89,0.25,138,11,0.85,High,0.29964554242749725,0.2836661654135338,Low Risk,Low Risk
15,2023,0.99,0.97,0.52,0.88,0.95,0.18,135,6,0.87,High,0.27021482277121367,0.22059323308270673,Low Risk,Low Risk
14,2025,0.81,0.52,0.56,0.77,0.86,0.75,421,6,0.69,Medium,0.5417454350161117,0.5302646616541353,Medium Risk,Medium Risk
99,2022,0.67,0.79,0.83,0.75,0.69,0.48,180,4,0.75,High,0.4171160042964554,0.4127526315789473,Medium Risk,Medium Risk
43,2022,0.81,0.44,0.66,0.82,0.85,0.32,259,0,0.69,Medium,0.4098639455782313,0.4492571428571429,Medium Risk,Medium Risk
16,2025,0.73,0.54,0.51,0.95,0.31,0.87,190,17,0.63,Medium,0.7154045828857859,0.687445112781955,High Risk,High Risk
32,2023,0.35,0.41,0.53,0.64,0.33,0.48,321,11,0.44,Medium,0.823999283924096,0.8625947368421053,High Risk,High Risk
10,2021,0.54,0.71,0.87,0.6,0.63,0.3,373,17,0.67,Medium,0.5891120658789831,0.570345112781955,Medium Risk,Medium Risk
62,2025,0.33,0.41,0.99,0.77,0.57,0.68,189,4,0.57,Medium,0.5771840315073398,0.6701526315789473,Medium Risk,High Risk
61,2025,0.36,0.65,0.94,0.98,0.63,0.61,202,6,0.67,Medium,0.4459971356963838,0.539678947368421,Medium Risk,Medium Risk
52,2024,0.46,0.97,0.82,0.84,0.66,0.23,275,8,0.74,High,0.388313641245972,0.4161195488721805,Medium Risk,Medium Risk
3,2025,0.34,0.98,0.94,0.97,1.0,0.17,468,17,0.78,High,0.31941818832796276,0.3896451127819549,Low Risk,Medium Risk
82,2021,0.41,0.89,0.61,0.69,0.68,0.59,447,4,0.64,Medium,0.548408521303258,0.5598097744360901,Medium Risk,Medium Risk
98,2023,0.91,0.56,0.56,0.96,0.97,0.86,58,14,0.77,High,0.4973720014321518,0.4755127819548872,Medium Risk,Medium Risk
40,2021,0.69,0.45,0.7,0.75,0.48,0.72,139,17,0.62,Medium,0.706016827783745,0.6832593984962405,High Risk,High Risk
70,2025,0.45,0.81,0.54,0.94,0.65,0.48,398,18,0.65,Medium,0.5856784819190833,0.6079796992481202,Medium Risk,Medium Risk
58,2023,0.54,0.81,0.78,0.71,0.92,0.8,217,0,0.72,High,0.4361564625850341,0.45169999999999993,Medium Risk,Medium Risk
59,2023,0.41,0.6,0.62,0.97,0.37,0.7,237,6,0.58,Medium,0.6086161833154314,0.6729503759398495,Medium Risk,High Risk
5,2023,0.97,0.68,0.94,0.6,0.87,0.23,88,17,0.83,High,0.42952022914428933,0.3520736842105263,Medium Risk,Medium Risk
100,2022,0.88,0.7,0.5,0.71,0.73,0.98,66,7,0.72,High,0.5900805585392052,0.5165563909774437,Medium Risk,Medium Risk
95,2022,0.74,0.72,0.89,0.64,0.83,0.54,273,1,0.76,High,0.39908342284282133,0.38486315789473685,Medium Risk,Medium Risk
63,2024,0.74,0.96,0.55,0.97,0.78,0.07,268,16,0.8,High,0.3770694593626924,0.3630676691729323,Medium Risk,Medium Risk
12,2021,0.71,0.61,0.81,0.62,0.91,0.97,334,11,0.71,High,0.5816863587540279,0.5427947368421052,Medium Risk,Medium Risk
36,2023,0.39,0.85,0.51,0.61,0.53,0.49,484,10,0.58,Medium,0.6805961331901181,0.6686744360902257,High Risk,High Risk
58,2022,0.41,0.68,0.97,0.64,0.9,0.53,334,10,0.67,Medium,0.5050519155030432,0.5407172932330827,Medium Risk,Medium Risk
32,2022,0.84,0.54,0.57,0.95,0.97,0.03,70,14,0.74,High,0.39856247762262803,0.4259127819548873,Medium Risk,Medium Risk
80,2025,0.75,0.64,0.64,0.99,0.59,0.89,64,1,0.72,High,0.46149838882921596,0.4767203007518797,Medium Risk,Medium Risk
61,2023,0.32,0.79,0.68,0.95,0.63,0.97,479,16,0.64,Medium,0.6324436090225563,0.6683390977443608,Medium Risk,High Risk
93,2025,0.41,0.67,0.77,0.61,0.86,0.29,73,2,0.62,Medium,0.4890171858216971,0.5423977443609024,Medium Risk,Medium Risk
20,2021,0.3,0.76,0.8,0.7,0.69,0.23,493,1,0.61,Medium,0.46792696025778735,0.5429774436090226,Medium Risk,Medium Risk
88,2023,0.99,0.49,0.73,0.87,0.58,0.97,215,10,0.75,High,0.546514500537057,0.4941887218045113,Medium Risk,Medium Risk
45,2021,0.9,0.87,0.52,0.79,0.37,0.24,426,13,0.75,High,0.5241049051199427,0.4422924812030075,Medium Risk,Medium Risk
32,2024,0.79,0.74,0.5,0.73,0.66,0.09,463,0,0.7,Medium,0.4262925170068027,0.4184285714285715,Medium Risk,Medium Risk
77,2024,0.55,0.59,0.99,0.68,0.79,0.82,155,11,0.69,Medium,0.5493054063730755,0.5565661654135339,Medium Risk,Medium Risk
49,2023,0.39,0.94,0.8,0.85,0.73,0.3,253,7,0.71,High,0.4000805585392051,0.4475563909774436,Medium Risk,Medium Risk
72,2022,0.74,0.87,0.81,0.79,0.76,0.55,439,2,0.8,High,0.35588793412101677,0.34042631578947363,Medium Risk,Medium Risk
41,2024,0.81,0.45,0.53,0.7,0.41,0.87,171,18,0.61,Medium,0.791188686000716,0.722436842105263,High Risk,High Risk
55,2024,0.82,0.92,0.72,0.62,0.41,0.02,260,4,0.75,High,0.42483709273182957,0.3619954887218045,Medium Risk,Medium Risk
96,2021,0.65,0.45,0.7,0.69,0.59,0.2,440,11,0.61,Medium,0.5937611886860008,0.6098233082706767,Medium Risk,Medium Risk
49,2025,0.81,0.85,0.71,0.74,0.56,0.99,201,17,0.76,High,0.6092481203007518,0.5108022556390976,Medium Risk,Medium Risk
49,2023,0.71,0.66,0.86,0.79,0.91,0.9,311,6,0.76,High,0.44718761188686,0.44497894736842103,Medium Risk,Medium Risk
42,2023,0.71,0.95,0.61,0.85,0.74,0.73,404,7,0.77,High,0.4460669530970283,0.4114563909774437,Medium Risk,Medium Risk
100,2022,0.47,0.98,0.59,0.94,0.64,0.25,365,14,0.71,High,0.46594343000358046,0.4852842105263159,Medium Risk,Medium Risk
14,2021,0.76,0.46,0.83,0.72,0.58,0.86,310,0,0.68,Medium,0.5346938775510204,0.5337714285714286,Medium Risk,Medium Risk
40,2024,0.39,0.98,0.73,0.69,0.35,0.17,142,9,0.65,Medium,0.5417167919799499,0.5409969924812031,Medium Risk,Medium Risk
76,2021,0.6,0.55,0.81,0.88,0.42,0.17,170,10,0.65,Medium,0.5037593984962404,0.5459601503759398,Medium Risk,Medium Risk
37,2025,0.67,0.87,0.85,0.78,0.9,0.56,300,19,0.8,High,0.46299319727891153,0.4275,Medium Risk,Medium Risk
78,2022,0.39,0.54,0.53,0.86,0.46,0.18,108,4,0.53,Medium,0.5842928750447547,0.6703954887218044,Medium Risk,High Risk
33,2021,0.71,0.81,0.7,0.79,0.78,0.02,266,17,0.75,High,0.4407107053347655,0.4244022556390978,Medium Risk,Medium Risk
29,2021,0.71,0.55,0.76,0.74,0.67,0.13,175,12,0.68,Medium,0.5038990332975296,0.5117721804511278,Medium Risk,Medium Risk
52,2022,0.44,0.8,0.98,0.64,0.77,0.44,54,14,0.7,Medium,0.5112495524525599,0.517027067669173,Medium Risk,Medium Risk
86,2022,0.76,0.99,0.69,0.61,0.47,0.83,352,7,0.75,High,0.5585839598997494,0.45779924812030076,Medium Risk,Medium Risk
76,2023,0.95,0.81,0.84,0.69,0.76,0.39,118,8,0.84,High,0.37671500179018974,0.30820526315789476,Medium Risk,Low Risk
90,2024,0.41,0.76,0.66,0.95,1.0,0.75,294,12,0.69,Medium,0.48991944146079486,0.5481293233082707,Medium Risk,Medium Risk
31,2021,0.38,0.79,0.88,0.97,0.61,0.9,446,8,0.69,Medium,0.4898442534908701,0.5432338345864661,Medium Risk,Medium Risk
23,2023,0.91,0.63,0.65,0.86,0.53,0.63,248,14,0.74,High,0.5476441102756893,0.4937556390977444,Medium Risk,Medium Risk
21,2023,0.57,0.67,0.62,0.75,0.46,0.07,404,7,0.62,Medium,0.5370193340494092,0.5588563909774436,Medium Risk,Medium Risk
78,2022,0.83,0.7,0.77,0.98,0.89,0.91,270,11,0.81,High,0.41413533834586463,0.40055187969924816,Medium Risk,Medium Risk
5,2022,0.67,0.55,0.74,0.76,0.68,0.75,413,10,0.67,Medium,0.5821267454350162,0.5783030075187969,Medium Risk,Medium Risk
21,2023,0.31,0.79,0.95,0.7,0.95,0.06,326,12,0.68,Medium,0.4212459720730397,0.48965789473684207,Medium Risk,Medium Risk
86,2023,0.37,0.69,0.63,0.71,0.52,0.8,340,7,0.57,Medium,0.6765431435732188,0.6979706766917294,High Risk,High Risk
16,2022,0.73,0.83,0.64,0.77,0.39,0.18,400,11,0.71,High,0.5134890798424633,0.4749947368421053,Medium Risk,Medium Risk
74,2025,0.43,0.58,0.9,0.67,0.94,0.42,423,6,0.65,Medium,0.4801127819548872,0.5418646616541354,Medium Risk,Medium Risk
54,2021,0.56,0.72,0.56,0.6,0.75,0.52,269,8,0.62,Medium,0.6104905119942714,0.5955052631578949,Medium Risk,Medium Risk
26,2021,0.75,0.5,0.68,0.96,0.84,0.56,396,4,0.71,High,0.41851056211958476,0.464824060150376,Medium Risk,Medium Risk
68,2022,0.81,0.91,0.84,0.92,0.84,0.15,488,17,0.86,High,0.31639097744360895,0.29200225563909776,Low Risk,Low Risk
69,2021,0.82,0.92,0.61,0.64,0.32,0.64,209,10,0.73,High,0.6011743644826353,0.4943172932330827,Medium Risk,Medium Risk
10,2021,0.57,0.76,0.75,1.0,0.4,0.7,372,9,0.7,Medium,0.5064446831364124,0.5265112781954887,Medium Risk,Medium Risk
39,2021,0.78,0.99,0.56,0.64,0.81,0.58,216,12,0.77,High,0.5134228428213391,0.42577218045112786,Medium Risk,Medium Risk
36,2025,0.93,0.52,0.66,0.69,0.55,0.07,98,1,0.7,Medium,0.44578410311493016,0.4283774436090225,Medium Risk,Medium Risk
60,2025,0.35,0.78,0.64,0.84,0.78,0.23,107,2,0.63,Medium,0.43782670963122083,0.521412030075188,Medium Risk,Medium Risk
86,2022,1.0,0.8,0.78,0.89,0.63,0.06,349,3,0.85,High,0.25639992839240955,0.22913233082706763,Low Risk,Low Risk
69,2025,0.74,0.85,0.59,0.76,0.6,0.82,61,16,0.73,High,0.6107089151450052,0.5364533834586467,Medium Risk,Medium Risk
16,2024,0.99,0.68,0.69,0.65,0.98,0.02,409,11,0.8,High,0.3814482635159327,0.3294947368421053,Medium Risk,Low Risk
65,2021,0.77,0.46,0.63,0.92,0.91,0.61,87,19,0.7,Medium,0.5581632653061224,0.5650571428571428,Medium Risk,Medium Risk
98,2025,0.33,0.58,0.63,0.74,0.36,0.94,498,10,0.52,Medium,0.775392051557465,0.8008315789473686,High Risk,High Risk
67,2024,0.5,0.97,0.94,0.66,0.85,0.57,365,4,0.76,High,0.38987110633727173,0.3885812030075188,Medium Risk,Medium Risk
12,2021,0.38,0.89,0.69,0.95,0.91,0.81,385,6,0.71,High,0.438344074471894,0.49496466165413533,Medium Risk,Medium Risk
52,2021,0.53,0.41,0.58,0.69,0.97,0.57,315,1,0.58,Medium,0.5621786609380595,0.6259631578947369,Medium Risk,Medium Risk
25,2025,0.9,0.95,0.74,0.84,0.84,0.17,436,2,0.87,High,0.23571786609380593,0.20834060150375946,Low Risk,Low Risk
41,2021,0.77,0.47,0.74,0.8,0.46,0.08,61,12,0.66,Medium,0.5307017543859649,0.5378293233082706,Medium Risk,Medium Risk
31,2024,0.61,0.46,0.82,0.69,0.73,0.65,336,18,0.64,Medium,0.6536036519871107,0.650393984962406,Medium Risk,Medium Risk
5,2023,0.43,0.53,0.74,0.9,0.73,0.3,132,8,0.62,Medium,0.4963408521303258,0.586490977443609,Medium Risk,Medium Risk
99,2025,0.38,0.58,0.55,0.88,0.34,0.51,152,7,0.54,Medium,0.6581417830290011,0.7186992481203008,Medium Risk,High Risk
17,2025,0.73,0.58,0.81,0.81,0.6,0.13,165,2,0.71,High,0.3924865735767991,0.42492631578947365,Medium Risk,Medium Risk
7,2023,0.59,0.9,0.87,0.91,0.31,0.42,268,5,0.74,High,0.4151790189760115,0.4216872180451128,Medium Risk,Medium Risk
79,2025,0.83,0.48,0.77,0.69,0.31,0.24,262,17,0.66,Medium,0.6378535624776226,0.5912736842105264,Medium Risk,Medium Risk
45,2024,0.56,0.56,0.82,0.8,0.49,0.15,245,1,0.64,Medium,0.45044396706050843,0.5109203007518798,Medium Risk,Medium Risk
52,2024,0.76,0.89,0.81,0.94,0.57,0.96,162,8,0.81,High,0.43593268886501974,0.398148120300752,Medium Risk,Medium Risk
64,2021,0.76,0.97,0.9,0.63,0.5,0.93,493,7,0.8,High,0.5043662728249194,0.41148496240601506,Medium Risk,Medium Risk
21,2024,0.75,0.8,0.95,0.85,0.73,0.07,393,12,0.82,High,0.3218242033655567,0.322015037593985,Low Risk,Low Risk
83,2025,0.82,0.71,0.84,0.62,0.36,0.72,158,18,0.72,High,0.6560186179735051,0.5558368421052632,Medium Risk,Medium Risk
24,2023,0.31,0.97,0.87,0.74,0.51,0.35,448,18,0.67,Medium,0.5632975295381311,0.5691796992481203,Medium Risk,Medium Risk
7,2023,0.43,0.5,0.55,0.86,0.84,0.27,87,14,0.58,Medium,0.5904332259219477,0.6656842105263158,Medium Risk,High Risk
96,2024,0.93,0.87,0.61,0.99,0.77,0.01,341,3,0.84,High,0.23116183315431435,0.22883233082706766,Low Risk,Low Risk
78,2021,0.75,0.72,0.52,0.99,0.86,0.29,307,12,0.74,High,0.4186269244539922,0.43538646616541354,Medium Risk,Medium Risk
53,2024,0.41,0.43,0.56,0.84,0.37,0.38,383,17,0.51,Medium,0.7496562835660578,0.7999451127819548,High Risk,High Risk
22,2024,0.47,0.47,0.6,0.95,0.75,0.29,81,6,0.6,Medium,0.5040583601861798,0.6037932330827067,Medium Risk,Medium Risk
12,2021,0.68,0.78,0.61,0.99,0.82,0.56,200,11,0.75,High,0.4321285356247762,0.44600902255639097,Medium Risk,Medium Risk
96,2023,0.52,0.85,0.63,0.82,0.81,0.11,262,14,0.7,Medium,0.4634264232008593,0.48438421052631586,Medium Risk,Medium Risk
52,2023,0.98,0.69,0.58,0.74,0.59,0.76,402,2,0.75,High,0.4980307912638739,0.4283691729323309,Medium Risk,Medium Risk
63,2023,0.41,0.46,0.79,0.95,0.6,0.16,235,15,0.6,Medium,0.544108485499463,0.6389759398496241,Medium Risk,Medium Risk
72,2021,0.82,0.93,0.64,0.68,0.92,0.66,59,13,0.8,High,0.47890082348728963,0.39852105263157894,Medium Risk,Medium Risk
91,2023,0.78,0.63,0.77,0.81,0.89,0.84,61,16,0.76,High,0.529314357321876,0.4976533834586466,Medium Risk,Medium Risk
78,2021,0.97,0.62,0.66,0.66,0.51,0.88,150,3,0.73,High,0.5634407447189401,0.4817609022556391,Medium Risk,Medium Risk
4,2024,0.85,0.53,0.57,0.87,0.3,0.18,251,5,0.66,Medium,0.5179681346222701,0.5144729323308271,Medium Risk,Medium Risk
46,2024,0.43,0.63,0.7,0.95,0.66,0.72,278,15,0.64,Medium,0.5930200501253132,0.6417330827067669,Medium Risk,Medium Risk
58,2024,0.69,0.76,0.84,0.92,0.49,0.83,354,13,0.75,High,0.5150912996777658,0.49273533834586464,Medium Risk,Medium Risk
83,2025,0.82,0.99,0.6,0.93,0.66,0.37,399,16,0.82,High,0.42094701038310056,0.36556766917293226,Medium Risk,Medium Risk
55,2021,0.36,0.53,0.8,0.89,1.0,0.93,350,0,0.63,Medium,0.4718027210884354,0.5783571428571428,Medium Risk,Medium Risk
17,2024,0.65,0.51,0.84,1.0,0.82,0.74,139,15,0.72,High,0.48904045828857867,0.5293330827067669,Medium Risk,Medium Risk
69,2021,0.7,0.99,0.58,0.88,0.71,0.59,247,16,0.78,High,0.4902327246688149,0.44119624060150375,Medium Risk,Medium Risk
51,2025,0.34,0.91,0.61,0.75,0.62,0.48,454,9,0.63,Medium,0.5706283566058002,0.5925541353383459,Medium Risk,Medium Risk
64,2025,0.79,0.78,0.52,0.96,0.94,0.78,149,5,0.77,High,0.4079341210168278,0.40454436090225576,Medium Risk,Medium Risk
41,2024,0.39,0.64,0.96,0.79,0.31,0.28,155,6,0.62,Medium,0.522561761546724,0.5816932330827068,Medium Risk,Medium Risk
35,2024,0.85,0.98,0.69,0.77,0.89,0.27,378,12,0.84,High,0.3573344074471895,0.29890075187969933,Medium Risk,Low Risk
100,2023,0.34,0.94,0.57,0.81,0.59,0.35,176,14,0.63,Medium,0.5786305048335123,0.5984842105263158,Medium Risk,Medium Risk
82,2023,0.97,0.74,0.97,0.62,0.59,0.26,362,4,0.82,High,0.36320443967060506,0.2978526315789474,Medium Risk,Low Risk
58,2025,0.48,0.79,0.6,0.83,0.62,0.97,433,11,0.65,Medium,0.6299516648764768,0.6266804511278196,Medium Risk,Medium Risk
61,2021,0.32,0.83,0.71,0.64,0.78,0.55,201,1,0.62,Medium,0.5216684568564268,0.5640203007518798,Medium Risk,Medium Risk
28,2022,0.68,0.88,0.77,0.85,0.46,0.85,379,4,0.75,High,0.4748711063372717,0.4461383458646616,Medium Risk,Medium Risk
2,2021,0.77,0.68,0.71,0.86,0.68,0.06,473,5,0.74,High,0.3674579305406373,0.38671578947368423,Medium Risk,Medium Risk
60,2023,0.62,0.43,0.89,0.68,0.48,0.16,432,3,0.62,Medium,0.510515574650913,0.5521751879699249,Medium Risk,Medium Risk
86,2025,0.76,0.5,0.63,0.98,0.69,0.75,418,1,0.7,Medium,0.4588113139992839,0.49674887218045116,Medium Risk,Medium Risk
25,2023,0.94,0.72,0.75,0.64,0.76,0.82,227,10,0.78,High,0.5202219835302542,0.43048872180451137,Medium Risk,Medium Risk
19,2025,0.98,0.52,0.76,0.71,0.85,0.58,134,7,0.77,High,0.4566111707841031,0.41452781954887225,Medium Risk,Medium Risk
55,2021,0.58,0.95,0.77,0.66,0.79,0.79,312,15,0.74,High,0.5532581453634086,0.4982473684210527,Medium Risk,Medium Risk
3,2025,0.93,0.57,0.99,0.66,0.44,0.18,150,15,0.76,High,0.49373433583959897,0.4330473684210527,Medium Risk,Medium Risk
4,2023,0.92,0.88,0.75,0.99,0.59,0.98,70,12,0.85,High,0.43379699248120296,0.36544360902255635,Medium Risk,Medium Risk
34,2024,1.0,0.99,0.83,0.65,0.78,0.09,245,19,0.89,High,0.3765646258503402,0.2612714285714286,Medium Risk,Low Risk
34,2022,0.36,0.84,0.59,0.94,0.87,0.54,260,11,0.66,Medium,0.49365914786967435,0.5537804511278196,Medium Risk,Medium Risk
11,2022,0.88,0.68,0.68,0.8,0.88,0.34,326,0,0.78,High,0.33659863945578233,0.33434285714285716,Medium Risk,Medium Risk
85,2023,0.4,0.61,0.73,0.9,0.76,0.62,199,16,0.63,Medium,0.5860150375939849,0.6420533834586466,Medium Risk,Medium Risk
69,2024,0.63,0.99,0.82,0.65,0.77,0.33,473,14,0.78,High,0.45366451843895456,0.4058413533834586,Medium Risk,Medium Risk
39,2021,0.76,1.0,0.54,0.63,0.54,0.87,352,5,0.73,High,0.5683082706766917,0.47177293233082707,Medium Risk,Medium Risk
15,2025,0.32,0.58,0.83,0.98,0.91,0.77,404,12,0.64,Medium,0.5130827067669174,0.6117864661654135,Medium Risk,Medium Risk
79,2022,0.76,0.92,0.5,0.67,0.57,0.38,191,3,0.72,High,0.49333870390261364,0.4379323308270677,Medium Risk,Medium Risk
72,2023,0.59,0.88,0.74,0.61,0.6,0.03,151,15,0.7,Medium,0.524516648764769,0.4905473684210526,Medium Risk,Medium Risk
83,2023,0.88,0.82,0.92,0.99,0.73,0.56,173,18,0.87,High,0.36421589688506983,0.3252511278195489,Medium Risk,Low Risk
47,2024,0.38,0.82,0.77,0.64,0.47,0.01,425,19,0.62,Medium,0.6161224489795918,0.6182285714285715,Medium Risk,Medium Risk
89,2023,0.35,0.54,0.87,0.84,0.35,0.88,51,8,0.58,Medium,0.6549803079126387,0.7097624060150376,Medium Risk,High Risk
86,2021,0.99,0.78,0.77,0.94,0.5,0.43,316,13,0.84,High,0.4027783745076978,0.34264962406015037,Medium Risk,Medium Risk
50,2025,0.67,0.44,0.92,0.84,0.38,0.09,494,8,0.66,Medium,0.4802184031507339,0.5246195488721804,Medium Risk,Medium Risk
68,2023,0.88,0.93,0.79,0.81,0.6,0.32,125,13,0.84,High,0.3941049051199426,0.32666390977443605,Medium Risk,Low Risk
47,2021,0.54,0.5,0.59,0.98,0.61,0.79,228,3,0.61,Medium,0.5522162549230218,0.6191037593984963,Medium Risk,Medium Risk
55,2024,0.37,0.63,0.74,0.86,0.97,0.6,488,8,0.64,Medium,0.4929394915861081,0.5749195488721804,Medium Risk,Medium Risk
1,2021,0.3,0.42,0.8,0.96,0.47,0.47,490,12,0.55,Medium,0.6179126387397064,0.7264436090225564,Medium Risk,High Risk
99,2023,0.61,0.68,0.8,0.81,0.9,0.05,185,10,0.72,High,0.3835213032581452,0.4257744360902255,Medium Risk,Medium Risk
20,2024,0.5,0.68,0.72,0.69,0.58,0.04,282,8,0.63,Medium,0.5205245255997136,0.5517624060150376,Medium Risk,Medium Risk
88,2025,0.5,0.89,0.77,0.95,0.7,0.03,241,10,0.74,High,0.35250089509488003,0.4039315789473684,Medium Risk,Medium Risk
19,2023,0.39,0.56,0.7,0.77,0.59,0.91,158,11,0.57,Medium,0.6934890798424634,0.7266090225563908,High Risk,High Risk
61,2021,0.88,0.97,0.91,0.6,0.75,0.05,480,16,0.85,High,0.3786680988184748,0.2886819548872181,Medium Risk,Low Risk
47,2024,0.78,0.47,0.69,0.78,0.56,0.12,461,7,0.66,Medium,0.4978016469745793,0.5129421052631579,Medium Risk,Medium Risk
84,2021,0.35,0.45,0.68,0.98,0.77,0.68,499,18,0.58,Medium,0.6415968492660221,0.7292939849624059,Medium Risk,High Risk
75,2025,0.31,0.78,0.96,0.85,0.91,0.72,204,1,0.7,Medium,0.3869405656999642,0.4749488721804512,Medium Risk,Medium Risk
93,2023,0.67,0.49,0.51,0.77,0.51,0.49,350,14,0.59,Medium,0.6861815252416756,0.6788699248120301,High Risk,High Risk
90,2025,0.39,0.74,0.67,0.89,0.76,0.85,487,10,0.65,Medium,0.565562119584676,0.6094315789473683,Medium Risk,Medium Risk
18,2024,0.77,0.57,0.65,0.92,0.61,0.8,244,11,0.7,Medium,0.5544754744002864,0.5453947368421052,Medium Risk,Medium Risk
79,2021,0.6,0.59,0.79,0.75,0.72,0.71,466,6,0.67,Medium,0.5322216254923022,0.5489646616541354,Medium Risk,Medium Risk
34,2024,0.6,0.49,0.95,0.74,0.41,0.03,493,17,0.64,Medium,0.5627175080558539,0.5829736842105263,Medium Risk,Medium Risk
92,2023,0.54,0.44,0.7,0.72,0.77,0.61,467,15,0.6,Medium,0.6597887576083065,0.6835187969924812,Medium Risk,High Risk
56,2024,0.69,0.46,0.58,0.99,0.46,0.98,116,10,0.63,Medium,0.6408002148227713,0.6552601503759399,Medium Risk,Medium Risk
45,2024,0.37,0.53,0.96,0.77,0.58,0.31,174,14,0.61,Medium,0.5693107769423559,0.6345842105263159,Medium Risk,Medium Risk
30,2022,0.93,0.47,0.98,0.73,0.92,0.6,250,16,0.79,High,0.4649606158252775,0.428481954887218,Medium Risk,Medium Risk
29,2025,0.72,0.49,0.52,0.99,0.84,0.98,354,12,0.68,Medium,0.5821643394199786,0.5996007518796993,Medium Risk,Medium Risk
34,2025,0.83,0.9,0.72,0.72,0.48,0.19,390,13,0.77,High,0.4695130683852488,0.3985067669172933,Medium Risk,Medium Risk
21,2024,0.88,0.73,0.58,0.83,1.0,0.15,403,10,0.79,High,0.36610633727175085,0.3516172932330828,Medium Risk,Medium Risk
100,2023,0.85,0.84,0.65,0.73,0.85,0.46,390,7,0.79,High,0.41409416398138205,0.3652706766917294,Medium Risk,Medium Risk
28,2025,0.63,0.73,0.61,0.99,0.94,0.72,222,14,0.74,High,0.47516111707841036,0.4957270676691729,Medium Risk,Medium Risk
12,2025,0.82,0.73,0.53,0.87,0.63,0.03,119,16,0.73,High,0.48183136412459715,0.45748195488721805,Medium Risk,Medium Risk
19,2022,0.99,0.69,0.93,0.84,0.56,0.29,466,14,0.84,High,0.38948084496956675,0.33438421052631584,Medium Risk,Medium Risk
27,2023,0.94,0.62,0.86,0.96,0.62,0.44,224,14,0.82,High,0.40267812388113144,0.3779413533834587,Medium Risk,Medium Risk
4,2025,0.63,1.0,0.53,0.6,0.75,0.3,377,18,0.71,High,0.5818689581095596,0.5089368421052631,Medium Risk,Medium Risk
63,2023,0.61,0.71,0.81,0.97,0.31,0.48,398,10,0.7,Medium,0.49821518080916577,0.5163887218045113,Medium Risk,Medium Risk
67,2022,0.39,0.58,0.68,0.92,0.5,0.21,106,14,0.59,Medium,0.5817937701396347,0.6547413533834586,Medium Risk,Medium Risk
35,2023,0.44,1.0,0.54,0.6,0.33,0.34,86,0,0.61,Medium,0.5738775510204082,0.5548857142857143,Medium Risk,Medium Risk
15,2025,0.3,0.96,0.91,0.92,0.92,0.7,240,7,0.74,High,0.3756247762262799,0.44281353383458644,Medium Risk,Medium Risk
23,2021,0.81,0.57,0.84,0.61,0.51,0.55,447,12,0.7,Medium,0.5949534550662371,0.5385436090225565,Medium Risk,Medium Risk
45,2022,0.3,0.46,0.93,0.87,0.38,0.84,429,15,0.56,Medium,0.697169709989259,0.763575939849624,High Risk,High Risk
60,2022,0.35,0.64,0.65,0.69,0.5,0.8,169,6,0.55,Medium,0.6905209452201934,0.7198646616541354,High Risk,High Risk
53,2021,0.68,0.53,0.52,0.69,0.59,0.76,80,16,0.6,Medium,0.7376136770497672,0.6993676691729325,High Risk,High Risk
55,2022,0.71,0.77,0.54,0.87,0.47,0.71,102,14,0.69,Medium,0.606657715717866,0.565927067669173,Medium Risk,Medium Risk
22,2024,0.4,0.87,0.64,0.8,0.5,0.13,403,10,0.64,Medium,0.5234872896527031,0.5547315789473684,Medium Risk,Medium Risk
76,2021,0.52,0.4,0.76,0.62,0.49,0.71,392,17,0.55,Medium,0.7784317937701396,0.7741593984962405,High Risk,High Risk
8,2021,0.54,0.96,0.54,0.97,0.88,0.13,186,1,0.74,High,0.296124239169352,0.3541488721804511,Low Risk,Medium Risk
44,2024,0.85,0.94,0.72,0.96,0.56,0.96,470,16,0.83,High,0.48642320085929114,0.40901052631578955,Medium Risk,Medium Risk
58,2022,0.7,0.96,0.92,0.87,0.4,0.25,284,12,0.8,High,0.3884228428213391,0.35895789473684214,Medium Risk,Medium Risk
33,2024,0.39,0.81,0.97,0.71,0.63,0.63,342,9,0.68,Medium,0.5150501253132832,0.536096992481203,Medium Risk,Medium Risk
17,2025,0.65,0.63,0.93,0.79,0.38,0.63,276,11,0.7,Medium,0.5537611886860007,0.5430233082706767,Medium Risk,Medium Risk
71,2021,0.43,0.73,0.71,0.89,0.56,0.87,359,0,0.64,Medium,0.5168367346938776,0.5679,Medium Risk,Medium Risk
100,2025,0.83,0.42,0.7,0.97,0.39,0.74,375,11,0.68,Medium,0.5821285356247764,0.5803233082706767,Medium Risk,Medium Risk
44,2025,0.78,0.68,0.79,0.63,0.33,0.67,98,9,0.69,Medium,0.6133494450411743,0.5451112781954887,Medium Risk,Medium Risk
53,2024,0.37,0.81,0.62,0.96,0.89,0.71,447,9,0.67,Medium,0.48821339061940566,0.5519541353383459,Medium Risk,Medium Risk
35,2021,0.82,0.6,0.95,0.71,0.81,0.88,427,5,0.77,High,0.4519137128535625,0.42460150375939854,Medium Risk,Medium Risk
65,2024,0.62,0.56,0.61,0.65,0.9,0.58,219,14,0.64,Medium,0.6272699606158253,0.6193699248120301,Medium Risk,Medium Risk
94,2021,0.38,0.56,0.51,0.72,0.84,0.52,293,11,0.55,Medium,0.6609380594343001,0.7115804511278196,High Risk,High Risk
16,2023,0.76,0.73,0.94,0.87,0.68,0.83,266,7,0.8,High,0.41334586466165407,0.39879924812030076,Medium Risk,Medium Risk
45,2023,0.51,0.44,0.61,0.7,0.64,0.75,477,3,0.55,Medium,0.6550733977801647,0.6937609022556392,Medium Risk,High Risk
90,2021,0.47,0.72,0.83,0.86,0.69,0.78,66,11,0.68,Medium,0.5308020050125314,0.5592375939849624,Medium Risk,Medium Risk
71,2022,0.93,0.91,0.66,0.71,0.99,0.53,117,14,0.84,High,0.41944683136412453,0.33315563909774426,Medium Risk,Medium Risk
95,2024,0.75,0.89,0.97,0.73,0.81,0.54,208,8,0.83,High,0.3582796276405299,0.3226909774436091,Medium Risk,Low Risk
46,2022,0.78,0.96,0.75,0.69,0.33,0.42,471,1,0.76,High,0.44081811672037235,0.37840601503759397,Medium Risk,Medium Risk
15,2025,0.96,0.98,0.81,0.97,0.83,0.55,351,12,0.92,High,0.2814160401002507,0.2227007518796993,Low Risk,Low Risk
95,2023,0.42,0.67,0.6,0.62,0.89,0.98,382,17,0.6,Medium,0.7372073039742213,0.7239736842105262,High Risk,High Risk
11,2024,0.76,0.47,0.82,0.8,0.58,0.95,495,11,0.69,Medium,0.6021625492302185,0.5837661654135338,Medium Risk,Medium Risk
11,2025,0.61,0.76,0.54,0.85,0.99,0.19,420,1,0.71,High,0.35843716433942,0.4098631578947368,Medium Risk,Medium Risk
17,2023,0.58,0.97,0.98,0.76,0.9,0.77,143,0,0.82,High,0.3146938775510204,0.31841428571428576,Low Risk,Low Risk
43,2021,0.41,0.74,0.89,0.8,0.31,0.01,150,9,0.64,Medium,0.4950841389187253,0.5439684210526315,Medium Risk,Medium Risk
43,2025,0.46,0.59,0.92,0.89,0.37,0.43,426,2,0.64,Medium,0.47500358037952023,0.5471120300751879,Medium Risk,Medium Risk
13,2025,0.38,0.57,0.7,0.97,1.0,0.04,142,6,0.64,Medium,0.37616720372359475,0.5092218045112783,Medium Risk,Medium Risk
67,2024,0.36,0.42,0.53,0.78,0.49,0.62,222,19,0.48,Medium,0.8170748299319728,0.8582,High Risk,High Risk
93,2024,0.7,0.65,0.92,0.96,0.91,0.97,392,9,0.79,High,0.40630862871464374,0.4255255639097744,Medium Risk,Medium Risk
59,2023,0.83,0.54,0.98,0.66,0.78,0.22,117,4,0.76,High,0.37776226279985675,0.37739548872180456,Medium Risk,Medium Risk
11,2023,0.6,0.6,0.92,0.66,0.6,0.9,203,7,0.67,Medium,0.5839921231650554,0.572784962406015,Medium Risk,Medium Risk
5,2025,0.83,0.89,0.94,0.82,0.44,0.26,417,18,0.83,High,0.4290798424633011,0.36440827067669185,Medium Risk,Medium Risk
46,2024,0.75,0.62,0.65,0.95,0.62,0.1,332,7,0.71,High,0.4038220551378446,0.43698496240601503,Medium Risk,Medium Risk
63,2025,0.81,0.86,0.68,0.93,0.66,0.46,230,19,0.8,High,0.4664965986394557,0.4189142857142857,Medium Risk,Medium Risk
23,2025,0.33,0.48,0.88,0.6,0.59,0.52,406,9,0.54,Medium,0.6633154314357322,0.7154255639097745,High Risk,High Risk
40,2025,0.51,0.54,0.5,0.89,0.98,0.22,469,14,0.62,Medium,0.5324400286430363,0.6008270676691729,Medium Risk,Medium Risk
41,2025,0.83,0.77,0.95,0.93,0.48,0.27,234,15,0.82,High,0.3862173290368779,0.36073308270676696,Medium Risk,Medium Risk
47,2024,0.99,0.85,0.7,0.84,0.76,0.08,336,9,0.85,High,0.30868958109559613,0.25943984962406014,Low Risk,Low Risk
74,2023,0.49,0.71,0.63,0.85,0.64,0.36,97,19,0.64,Medium,0.6001700680272108,0.6169857142857142,Medium Risk,Medium Risk
25,2023,0.83,0.46,0.76,0.8,0.56,0.93,137,1,0.69,Medium,0.53343716433942,0.5243774436090225,Medium Risk,Medium Risk
15,2023,0.86,0.47,0.56,0.94,0.54,0.03,218,8,0.68,Medium,0.460218403150734,0.48329097744360905,Medium Risk,Medium Risk
13,2024,0.98,0.91,0.85,0.89,0.69,0.95,114,16,0.89,High,0.42693340494092374,0.3281390977443609,Medium Risk,Low Risk
67,2022,0.41,0.87,0.87,0.75,0.32,0.84,127,0,0.66,Medium,0.53656462585034,0.5477285714285713,Medium Risk,Medium Risk
14,2022,0.61,0.54,0.85,0.93,0.68,0.97,388,0,0.7,Medium,0.4608503401360543,0.5117142857142857,Medium Risk,Medium Risk
69,2023,0.64,0.47,0.98,0.89,0.97,0.23,92,9,0.74,High,0.35130862871464374,0.4266398496240601,Medium Risk,Medium Risk
89,2024,0.77,0.78,0.66,0.93,0.65,0.07,255,2,0.76,High,0.31792875044754737,0.34064060150375935,Low Risk,Medium Risk
16,2023,0.74,0.55,0.58,0.67,0.31,0.39,438,11,0.61,Medium,0.6772986036519872,0.638309022556391,High Risk,Medium Risk
17,2021,0.6,0.93,0.8,0.7,0.55,0.08,68,4,0.73,High,0.3959255281059792,0.3905526315789473,Medium Risk,Medium Risk
66,2024,0.99,0.87,0.87,0.65,0.85,0.79,297,19,0.87,High,0.4814625850340136,0.3557285714285715,Medium Risk,Medium Risk
29,2022,0.96,0.95,0.51,0.78,0.98,0.1,107,4,0.84,High,0.28708199069101326,0.23852406015037603,Low Risk,Low Risk
28,2021,0.82,0.82,0.71,0.74,0.58,0.26,315,1,0.76,High,0.38568206229860363,0.3570917293233083,Medium Risk,Medium Risk
89,2023,0.49,0.57,0.83,0.99,0.72,0.08,206,14,0.68,Medium,0.4324400286430362,0.5190984962406017,Medium Risk,Medium Risk
20,2023,0.6,0.82,0.73,0.64,0.69,0.64,455,2,0.7,Medium,0.4999355531686359,0.48272631578947367,Medium Risk,Medium Risk
6,2023,0.77,0.82,0.81,0.73,0.49,0.6,462,3,0.76,High,0.45286251342642325,0.4110466165413533,Medium Risk,Medium Risk
65,2023,0.37,0.49,0.97,0.89,0.92,0.2,327,3,0.65,Medium,0.36531149301826,0.49966090225563914,Medium Risk,Medium Risk
98,2021,0.34,0.78,0.69,0.97,0.68,0.94,187,3,0.65,Medium,0.5085087719298246,0.5782466165413535,Medium Risk,Medium Risk
73,2025,0.73,0.84,0.61,0.87,0.65,0.74,227,2,0.75,High,0.443234872896527,0.4270691729323309,Medium Risk,Medium Risk
85,2021,0.6,0.56,0.72,0.89,0.31,0.59,322,10,0.63,Medium,0.605970282849982,0.6231458646616541,Medium Risk,Medium Risk
41,2022,0.79,0.52,0.83,0.93,0.34,0.91,112,0,0.71,High,0.4954081632653061,0.5019142857142858,Medium Risk,Medium Risk
69,2023,0.47,0.44,0.73,0.89,0.72,0.67,387,15,0.6,Medium,0.6235642678123882,0.6825759398496243,Medium Risk,High Risk
10,2022,0.86,0.89,0.97,0.82,0.44,0.62,370,13,0.84,High,0.4282205513784461,0.354721052631579,Medium Risk,Medium Risk
8,2023,0.84,0.66,0.6,0.92,0.53,0.87,402,4,0.73,High,0.5067418546365915,0.48262406015037596,Medium Risk,Medium Risk
9,2022,0.85,0.67,0.82,0.7,0.79,0.43,469,17,0.77,High,0.49986036519871113,0.4456308270676692,Medium Risk,Medium Risk
37,2024,0.59,0.7,0.89,0.84,0.44,0.59,184,10,0.7,Medium,0.5174328678839956,0.5233744360902255,Medium Risk,Medium Risk
54,2024,0.45,0.57,0.86,0.6,0.59,0.92,390,15,0.6,Medium,0.7253669889008235,0.7144187969924812,High Risk,High Risk
29,2025,0.85,0.97,0.87,0.89,0.88,0.45,118,0,0.89,High,0.2029591836734694,0.18801428571428577,Low Risk,Low Risk
68,2024,0.47,0.71,0.77,0.74,0.55,0.83,202,12,0.64,Medium,0.6364160401002507,0.6346007518796992,Medium Risk,Medium Risk
55,2025,0.53,0.61,0.75,0.98,0.91,0.1,186,5,0.7,Medium,0.33759398496240595,0.4372443609022556,Medium Risk,Medium Risk
35,2021,0.9,0.81,0.92,0.94,0.82,0.44,263,8,0.88,High,0.2696741854636592,0.2522624060150376,Low Risk,Low Risk
29,2025,0.59,0.83,0.69,0.8,0.6,0.74,134,1,0.7,Medium,0.47901539563193707,0.4803631578947369,Medium Risk,Medium Risk
6,2024,0.66,0.5,0.54,0.61,0.42,0.89,171,9,0.56,Medium,0.772329036877909,0.7312541353383458,High Risk,High Risk
36,2022,0.66,0.76,0.62,0.62,0.57,0.23,448,7,0.66,Medium,0.5440601503759398,0.5173563909774436,Medium Risk,Medium Risk
9,2021,0.6,0.72,0.85,0.88,0.42,0.5,190,0,0.7,Medium,0.4238095238095238,0.45642857142857135,Medium Risk,Medium Risk
34,2025,0.67,0.47,0.8,0.65,0.54,0.14,331,16,0.63,Medium,0.6098585750089509,0.605281954887218,Medium Risk,Medium Risk
71,2025,0.57,0.94,0.6,0.8,0.59,0.02,66,10,0.7,Medium,0.44947368421052625,0.44991729323308277,Medium Risk,Medium Risk
25,2023,0.63,0.74,0.81,0.88,0.48,0.01,205,8,0.72,High,0.40225921947726456,0.43193383458646606,Medium Risk,Medium Risk
56,2021,0.63,0.92,0.6,0.65,0.5,0.53,462,18,0.69,Medium,0.6469369853204441,0.5710225563909774,Medium Risk,Medium Risk
19,2022,0.58,0.69,0.51,0.76,0.75,0.02,433,15,0.64,Medium,0.5518976011457214,0.566133082706767,Medium Risk,Medium Risk
66,2024,0.43,0.85,0.92,0.82,0.99,0.45,382,12,0.75,High,0.39573576799140714,0.4388864661654135,Medium Risk,Medium Risk
79,2024,1.0,0.74,0.66,0.69,0.55,0.37,108,3,0.78,High,0.4370121732903688,0.3649037593984962,Medium Risk,Medium Risk
60,2024,0.33,0.61,0.96,0.75,0.88,0.84,442,1,0.64,Medium,0.4823147153598281,0.5634488721804511,Medium Risk,Medium Risk
61,2021,0.71,0.66,0.77,0.81,0.55,0.68,258,2,0.71,High,0.47772466881489434,0.47789774436090227,Medium Risk,Medium Risk
83,2024,0.82,0.5,0.6,0.96,0.82,0.91,264,2,0.72,High,0.46612602935911207,0.4862406015037594,Medium Risk,Medium Risk
21,2022,0.92,0.75,0.82,0.66,0.63,0.72,103,15,0.79,High,0.5398567848191907,0.44224736842105267,Medium Risk,Medium Risk
8,2023,0.43,0.76,0.93,0.95,0.81,0.75,385,16,0.73,High,0.47754564983888287,0.5211248120300752,Medium Risk,Medium Risk
90,2022,0.39,0.67,0.73,0.98,0.6,0.55,288,2,0.64,Medium,0.4625886143931256,0.5533691729323309,Medium Risk,Medium Risk
38,2023,0.75,0.59,0.63,0.68,0.79,0.22,405,6,0.68,Medium,0.48803795202291445,0.48670751879699253,Medium Risk,Medium Risk
22,2022,0.76,0.89,0.89,0.9,0.43,0.09,406,19,0.81,High,0.41435374149659865,0.3782428571428571,Medium Risk,Medium Risk
76,2021,0.6,0.42,0.63,0.61,0.92,0.24,54,13,0.59,Medium,0.6130844969566774,0.6364781954887219,Medium Risk,Medium Risk
50,2021,0.93,0.93,0.66,0.96,1.0,0.83,307,7,0.89,High,0.31358395989974935,0.2677421052631579,Low Risk,Low Risk
75,2021,0.7,0.44,0.55,1.0,0.53,0.75,110,9,0.63,Medium,0.593859649122807,0.6249398496240602,Medium Risk,Medium Risk
67,2025,0.63,0.74,0.65,0.73,0.97,0.89,454,18,0.71,High,0.6024471894020766,0.5671654135338345,Medium Risk,Medium Risk
54,2023,0.31,0.45,0.66,0.61,0.31,0.92,482,3,0.46,Medium,0.802998567848192,0.8412609022556392,High Risk,High Risk
32,2023,0.3,0.96,0.71,0.76,0.57,0.07,78,18,0.64,Medium,0.5540458288578589,0.5767082706766917,Medium Risk,Medium Risk
43,2022,0.8,0.63,0.61,0.84,0.95,0.93,232,4,0.74,High,0.47061940565699967,0.46195263157894734,Medium Risk,Medium Risk
63,2023,0.63,0.67,0.75,0.94,0.62,0.94,63,10,0.71,High,0.5339634801288937,0.5415601503759397,Medium Risk,Medium Risk
32,2023,0.88,0.62,0.93,0.64,0.95,0.63,392,8,0.8,High,0.4238918725384891,0.38244812030075187,Medium Risk,Medium Risk
59,2021,0.75,0.57,0.58,0.85,0.72,0.18,455,17,0.68,Medium,0.5376494808449698,0.5376022556390978,Medium Risk,Medium Risk
47,2021,0.89,0.5,0.51,0.91,0.73,0.7,317,7,0.7,Medium,0.5213730755460079,0.5120992481203007,Medium Risk,Medium Risk
20,2023,0.75,0.97,0.94,0.83,0.88,0.64,487,10,0.87,High,0.3271267454350162,0.2920172932330828,Low Risk,Low Risk
72,2024,0.55,0.43,0.52,0.77,0.36,0.61,165,15,0.53,Medium,0.777373791621912,0.7843902255639099,High Risk,High Risk
46,2023,0.45,0.92,0.94,0.68,0.82,0.29,122,2,0.74,High,0.35592194772645896,0.38755488721804515,Medium Risk,Medium Risk
51,2024,0.45,0.81,0.8,0.85,0.96,0.78,415,19,0.72,High,0.5306462585034014,0.5449285714285714,Medium Risk,Medium Risk
53,2024,0.87,0.91,0.97,0.63,0.57,0.07,413,1,0.83,High,0.2939473684210526,0.24327744360902256,Low Risk,Low Risk
20,2022,0.49,0.46,0.58,0.66,0.98,0.76,345,7,0.57,Medium,0.6393662728249193,0.6788992481203008,Medium Risk,High Risk
40,2024,0.49,0.88,0.66,0.72,0.46,0.13,88,16,0.65,Medium,0.5788721804511278,0.5651819548872181,Medium Risk,Medium Risk
36,2025,0.51,0.99,0.59,0.96,0.84,0.08,393,1,0.75,High,0.28540995345506626,0.345506015037594,Low Risk,Medium Risk
31,2023,0.69,0.88,0.57,0.83,0.65,0.14,404,11,0.73,High,0.4495435016111709,0.4342661654135339,Medium Risk,Medium Risk
60,2021,0.61,0.99,0.7,0.89,0.5,0.36,327,12,0.75,High,0.4506677407805227,0.431657894736842,Medium Risk,Medium Risk
89,2022,0.77,0.87,0.93,0.73,0.68,0.84,386,8,0.81,High,0.43977622627998564,0.38280526315789476,Medium Risk,Medium Risk
40,2024,0.31,0.71,0.74,0.86,0.69,0.69,493,6,0.62,Medium,0.5410991765127104,0.6125360902255639,Medium Risk,Medium Risk
99,2022,0.39,0.82,0.71,0.81,0.93,0.89,278,5,0.68,Medium,0.4970837808807733,0.5380015037593985,Medium Risk,Medium Risk
83,2025,0.71,0.69,0.82,0.69,0.69,0.37,209,5,0.72,High,0.4488524883637666,0.44118721804511285,Medium Risk,Medium Risk
63,2024,0.42,0.91,0.75,0.76,0.93,0.6,471,7,0.71,High,0.4495703544575724,0.4760563909774436,Medium Risk,Medium Risk
72,2021,0.85,0.55,0.97,0.96,0.54,0.73,398,4,0.78,High,0.3888506981740064,0.39749548872180457,Medium Risk,Medium Risk
62,2024,0.77,0.53,0.61,0.95,0.47,0.26,62,12,0.68,Medium,0.5236609380594343,0.5370578947368421,Medium Risk,Medium Risk
42,2022,0.34,0.63,0.62,0.71,0.69,0.2,457,7,0.56,Medium,0.5794002864303617,0.6464278195488722,Medium Risk,Medium Risk
91,2025,0.96,0.77,0.96,0.91,0.71,0.01,205,15,0.88,High,0.27989079842463305,0.24984736842105265,Low Risk,Low Risk
2,2022,0.66,0.82,0.97,0.75,0.8,0.48,220,15,0.79,High,0.4322717508055854,0.4103187969924812,Medium Risk,Medium Risk
55,2021,0.66,0.77,0.96,0.8,0.65,0.05,229,0,0.77,High,0.28557823129251697,0.32204285714285713,Low Risk,Low Risk
57,2024,0.95,1.0,0.9,0.9,0.45,0.34,189,0,0.9,High,0.23530612244897958,0.1857142857142857,Low Risk,Low Risk
78,2021,0.73,0.57,0.59,0.75,0.86,0.39,188,6,0.68,Medium,0.4933100608664519,0.5038218045112782,Medium Risk,Medium Risk
43,2021,0.45,0.73,0.93,0.93,0.95,0.37,151,4,0.74,High,0.31466702470461855,0.4047526315789473,Low Risk,Medium Risk
64,2023,0.67,0.87,0.62,0.74,0.32,0.96,112,7,0.69,Medium,0.6282778374507697,0.563284962406015,Medium Risk,Medium Risk
83,2024,0.72,0.79,0.6,0.72,0.73,0.6,293,3,0.71,High,0.4848012889366273,0.4597180451127819,Medium Risk,Medium Risk
86,2022,0.94,0.6,0.73,0.87,0.68,0.35,237,13,0.78,High,0.44410490511994277,0.4130496240601504,Medium Risk,Medium Risk
83,2022,0.49,0.49,0.66,0.94,0.36,0.99,146,11,0.58,Medium,0.6988292158968853,0.7330804511278195,High Risk,High Risk
72,2022,0.95,0.44,0.55,0.67,0.72,0.15,191,12,0.68,Medium,0.5587629788757608,0.5204436090225565,Medium Risk,Medium Risk
25,2022,0.43,0.4,0.53,0.96,0.75,0.27,260,2,0.55,Medium,0.5123845327604727,0.6368691729323308,Medium Risk,Medium Risk
24,2025,0.38,0.96,0.89,0.78,0.91,0.25,224,1,0.74,High,0.3076548514142499,0.37014887218045117,Low Risk,Medium Risk
87,2022,0.93,0.95,0.66,0.88,0.49,0.19,207,2,0.83,High,0.3124525599713569,0.2665691729323308,Low Risk,Low Risk
21,2021,0.9,0.89,0.59,0.79,0.38,0.68,299,13,0.77,High,0.5601593268886502,0.45952105263157894,Medium Risk,Medium Risk
52,2021,0.42,0.47,0.77,0.96,0.54,0.73,140,17,0.6,Medium,0.6505406373075546,0.7117736842105262,Medium Risk,High Risk
21,2024,0.91,0.71,0.85,0.76,0.69,0.94,249,10,0.8,High,0.4887253848907984,0.4185601503759399,Medium Risk,Medium Risk
61,2025,0.37,0.45,0.68,0.64,0.71,0.23,108,15,0.53,Medium,0.6843465807375583,0.7382187969924812,High Risk,High Risk
2,2021,0.79,0.77,0.93,0.69,0.91,0.79,496,8,0.81,High,0.4197081990691013,0.3769481203007519,Medium Risk,Medium Risk
95,2022,0.6,0.61,0.53,0.62,0.78,0.46,89,4,0.61,Medium,0.5851772287862512,0.5906097744360902,Medium Risk,Medium Risk
1,2021,0.4,0.81,0.95,0.9,0.35,0.9,257,7,0.68,Medium,0.5315431435732187,0.5599135338345864,Medium Risk,Medium Risk
62,2021,0.53,0.53,0.54,0.79,0.64,0.84,415,13,0.58,Medium,0.7054654493376297,0.7163781954887217,High Risk,High Risk
72,2025,0.7,0.86,0.89,0.71,0.44,0.02,246,16,0.75,High,0.46700143215180817,0.4255248120300752,Medium Risk,Medium Risk
23,2021,0.72,0.96,0.66,0.7,0.76,0.62,437,16,0.77,High,0.5288041532402434,0.4543248120300752,Medium Risk,Medium Risk
14,2025,0.46,0.54,0.76,0.91,0.33,0.69,468,18,0.59,Medium,0.6910866451843896,0.7187082706766916,High Risk,High Risk
20,2024,0.78,0.96,0.52,0.73,0.61,0.9,99,0,0.75,High,0.496156462585034,0.4289428571428572,Medium Risk,Medium Risk
99,2024,0.59,0.81,0.83,0.63,0.58,0.18,236,15,0.7,Medium,0.5338363766559256,0.5057902255639098,Medium Risk,Medium Risk
92,2024,0.59,0.5,0.94,0.82,0.46,0.5,220,8,0.66,Medium,0.5259326888650196,0.5617052631578948,Medium Risk,Medium Risk
45,2022,0.92,0.96,0.96,0.85,0.74,0.4,279,17,0.91,High,0.3288739706408879,0.25558796992481203,Low Risk,Low Risk
69,2025,0.6,0.84,0.91,0.66,0.88,0.54,171,13,0.76,High,0.4662477622627999,0.44296390977443606,Medium Risk,Medium Risk
4,2025,0.94,0.55,0.92,0.79,0.66,0.31,261,5,0.79,High,0.36851235230934476,0.3541872180451128,Medium Risk,Medium Risk
63,2023,0.88,0.83,0.85,0.73,0.46,0.21,465,5,0.8,High,0.3820497672753312,0.3309586466165414,Medium Risk,Medium Risk
35,2021,0.58,0.87,0.63,1.0,0.32,0.6,136,13,0.7,Medium,0.5446151092015754,0.5389781954887218,Medium Risk,Medium Risk
97,2022,0.38,0.96,0.59,0.85,0.46,0.31,305,1,0.65,Medium,0.46877730039384174,0.5108631578947369,Medium Risk,Medium Risk
25,2022,0.93,0.45,0.7,0.64,0.31,0.66,165,15,0.66,Medium,0.7074078052273541,0.6228759398496241,High Risk,Medium Risk
98,2022,0.46,0.41,0.92,0.99,0.39,0.23,113,1,0.61,Medium,0.4419745793054064,0.561706015037594,Medium Risk,Medium Risk
76,2021,0.59,0.43,0.52,0.83,0.58,0.03,395,15,0.57,Medium,0.6200268528464017,0.6643902255639099,Medium Risk,High Risk
6,2021,0.85,0.58,0.52,0.84,0.58,0.97,179,14,0.69,Medium,0.6544468313641245,0.5983413533834586,Medium Risk,Medium Risk
72,2024,0.6,0.9,0.9,0.69,0.46,0.82,374,15,0.73,High,0.5848567848191909,0.5230902255639098,Medium Risk,Medium Risk
36,2024,0.34,0.78,0.64,0.71,0.53,0.66,229,4,0.58,Medium,0.613782670963122,0.6440812030075188,Medium Risk,Medium Risk
29,2023,0.64,0.82,0.78,0.69,0.45,0.3,360,19,0.7,Medium,0.5878571428571429,0.5374857142857142,Medium Risk,Medium Risk
29,2024,0.81,0.61,0.7,0.65,0.42,0.83,79,12,0.68,Medium,0.6695112781954887,0.5950864661654135,High Risk,Medium Risk
19,2022,0.44,0.78,0.63,0.95,0.93,0.3,280,18,0.69,Medium,0.482719298245614,0.5349368421052632,Medium Risk,Medium Risk
19,2024,0.77,0.9,0.84,0.93,0.58,0.16,175,10,0.82,High,0.32522198353025417,0.3139458646616542,Low Risk,Low Risk
37,2022,0.32,0.99,0.52,0.78,0.65,0.12,208,2,0.63,Medium,0.4604797708557107,0.512112030075188,Medium Risk,Medium Risk
57,2025,0.91,0.57,0.73,0.85,0.59,0.43,365,16,0.75,High,0.5168653777300395,0.47705338345864656,Medium Risk,Medium Risk
96,2025,0.6,0.57,0.56,0.64,0.72,0.52,445,16,0.6,Medium,0.6900286430361618,0.6713962406015039,High Risk,High Risk
97,2023,0.99,0.58,0.61,0.91,0.48,0.87,157,18,0.75,High,0.611358754027927,0.5337082706766918,Medium Risk,Medium Risk
26,2023,0.99,0.8,0.92,0.73,0.77,0.59,499,16,0.87,High,0.4204708199069101,0.3280105263157894,Medium Risk,Low Risk
16,2022,0.7,0.66,0.64,0.91,0.46,0.69,345,0,0.69,Medium,0.48595238095238097,0.5001714285714286,Medium Risk,Medium Risk
77,2021,0.76,0.55,0.83,0.68,0.39,0.7,332,8,0.67,Medium,0.6036197636949517,0.5662338345864661,Medium Risk,Medium Risk
80,2022,0.43,0.76,0.71,0.65,0.32,0.62,275,15,0.59,Medium,0.7214554242749732,0.6970616541353383,High Risk,High Risk
20,2024,0.84,0.8,0.86,0.8,0.74,0.81,243,14,0.82,High,0.46573934837092734,0.4036556390977444,Medium Risk,Medium Risk
12,2025,0.7,0.74,0.75,0.63,0.36,0.6,447,1,0.68,Medium,0.550546007876835,0.5115488721804512,Medium Risk,Medium Risk
58,2024,0.41,0.91,1.0,0.89,0.85,0.99,489,0,0.77,High,0.3531632653061224,0.4036428571428571,Medium Risk,Medium Risk
45,2024,0.73,0.75,0.63,0.9,0.36,0.92,198,7,0.7,Medium,0.5707268170426065,0.5372563909774437,Medium Risk,Medium Risk
78,2024,0.53,0.8,0.78,0.74,0.39,0.09,218,14,0.66,Medium,0.5418617973505191,0.5390270676691729,Medium Risk,Medium Risk
44,2022,0.52,0.94,0.82,0.72,0.51,0.89,294,2,0.71,High,0.5058539205155748,0.4854691729323309,Medium Risk,Medium Risk
17,2024,0.48,0.41,0.77,0.94,0.97,0.57,250,5,0.64,Medium,0.4588865019692087,0.5669015037593986,Medium Risk,Medium Risk
25,2022,0.72,0.63,0.62,0.64,0.52,0.1,124,6,0.65,Medium,0.5397386322950234,0.5253075187969926,Medium Risk,Medium Risk
54,2023,0.67,0.92,1.0,0.83,0.87,0.33,160,0,0.84,High,0.2207823129251701,0.24271428571428572,Low Risk,Low Risk
81,2022,0.77,0.81,0.66,0.65,0.74,0.13,413,11,0.74,High,0.46865914786967416,0.42536616541353384,Medium Risk,Medium Risk
84,2025,0.48,0.88,0.71,1.0,0.36,0.78,446,19,0.69,Medium,0.6024489795918367,0.5965428571428572,Medium Risk,Medium Risk
53,2025,0.89,0.52,0.56,0.99,0.38,0.48,348,12,0.7,Medium,0.5513480128893662,0.5354150375939849,Medium Risk,Medium Risk
28,2021,0.36,0.43,0.55,0.83,0.68,0.23,203,9,0.52,Medium,0.6214446831364124,0.7180112781954888,Medium Risk,High Risk
27,2023,0.33,0.7,0.84,0.7,0.52,0.61,114,2,0.6,Medium,0.5611600429645541,0.6119834586466166,Medium Risk,Medium Risk
72,2023,0.39,0.94,0.54,0.96,1.0,0.7,407,13,0.7,Medium,0.48223415682062293,0.5223067669172933,Medium Risk,Medium Risk
12,2023,0.96,0.72,0.87,0.97,0.98,0.83,103,19,0.89,High,0.3881972789115647,0.33937142857142866,Medium Risk,Medium Risk
4,2023,0.95,0.81,0.65,0.75,0.69,0.79,77,10,0.8,High,0.4960383100608664,0.4071315789473684,Medium Risk,Medium Risk
57,2022,0.87,0.68,0.54,0.67,0.34,0.5,257,13,0.67,Medium,0.6558736126029359,0.5698781954887218,Medium Risk,Medium Risk
30,2024,0.58,0.47,0.94,0.77,0.57,0.66,113,19,0.65,Medium,0.6360884353741498,0.6426714285714286,Medium Risk,Medium Risk
38,2021,0.96,0.79,0.98,0.66,0.63,0.6,430,17,0.84,High,0.4743501611170783,0.3697451127819548,Medium Risk,Medium Risk
91,2024,0.51,0.5,0.84,0.62,0.73,0.7,309,0,0.61,Medium,0.555578231292517,0.5940285714285715,Medium Risk,Medium Risk
71,2022,0.91,0.75,0.67,0.92,0.68,0.08,332,13,0.8,High,0.37522735409953445,0.35072105263157893,Medium Risk,Medium Risk
18,2024,0.51,0.49,0.58,0.77,0.72,0.08,353,13,0.58,Medium,0.5898872180451128,0.643121052631579,Medium Risk,Medium Risk
90,2021,0.88,0.45,0.74,0.85,0.88,0.78,230,6,0.74,High,0.46433046902971725,0.4648218045112782,Medium Risk,Medium Risk
1,2022,0.99,0.6,0.7,0.84,0.86,0.47,451,4,0.8,High,0.3659255281059792,0.3439097744360902,Medium Risk,Medium Risk
30,2021,0.93,0.49,0.89,0.85,0.54,0.87,381,0,0.76,High,0.43887755102040815,0.4233857142857143,Medium Risk,Medium Risk
62,2025,0.61,0.79,0.69,0.62,0.72,0.9,285,5,0.68,Medium,0.5771858216970999,0.5408443609022556,Medium Risk,Medium Risk
37,2022,0.61,0.43,0.91,0.93,0.71,0.35,142,1,0.68,Medium,0.38272287862513427,0.4731631578947369,Medium Risk,Medium Risk
44,2022,0.85,0.76,0.71,0.98,0.68,0.61,269,18,0.8,High,0.46554242749731467,0.4272796992481203,Medium Risk,Medium Risk
49,2021,0.31,0.89,0.91,0.92,0.5,0.84,300,6,0.69,Medium,0.48844611528822046,0.5381932330827067,Medium Risk,Medium Risk
15,2025,0.31,0.49,0.87,0.7,0.72,0.39,343,12,0.57,Medium,0.6096133190118154,0.6846007518796994,Medium Risk,High Risk
93,2023,0.92,0.56,0.6,0.79,0.31,0.03,185,15,0.69,Medium,0.5682581453634085,0.5212330827067668,Medium Risk,Medium Risk
77,2023,0.91,0.73,0.98,0.62,0.37,0.04,474,16,0.78,High,0.4786680988184747,0.39762481203007516,Medium Risk,Medium Risk
44,2021,0.53,0.75,0.73,0.78,0.96,0.98,237,13,0.71,High,0.557064088793412,0.5556924812030074,Medium Risk,Medium Risk
78,2021,0.42,0.44,0.85,0.89,0.33,0.93,92,13,0.57,Medium,0.7011797350519153,0.747421052631579,High Risk,High Risk
28,2022,0.77,0.5,0.53,0.73,0.84,0.41,269,0,0.66,Medium,0.4879251700680272,0.5060571428571428,Medium Risk,Medium Risk
68,2021,0.37,0.97,0.8,0.89,0.52,0.39,318,4,0.7,Medium,0.415891514500537,0.4629812030075188,Medium Risk,Medium Risk
25,2024,0.43,0.88,0.84,0.82,0.63,0.92,163,14,0.7,Medium,0.5670998925886145,0.5632842105263158,Medium Risk,Medium Risk
55,2023,0.89,0.59,0.84,0.98,0.81,0.49,242,18,0.81,High,0.41703902613677046,0.4051225563909774,Medium Risk,Medium Risk
43,2023,0.53,0.84,0.71,0.83,0.88,0.8,302,16,0.72,High,0.5366612960973863,0.5297533834586466,Medium Risk,Medium Risk
37,2022,0.92,0.79,0.73,0.87,0.73,0.57,199,15,0.82,High,0.43921052631578955,0.37893308270676695,Medium Risk,Medium Risk
28,2023,0.58,0.48,0.58,0.98,0.92,0.91,458,8,0.65,Medium,0.5431435732187612,0.6028766917293233,Medium Risk,Medium Risk
65,2023,0.77,0.69,0.71,0.74,0.72,0.58,274,6,0.73,High,0.4815753669889009,0.4581932330827068,Medium Risk,Medium Risk
23,2023,0.7,0.53,0.87,0.61,0.55,0.78,389,5,0.66,Medium,0.5904171142141068,0.5670443609022556,Medium Risk,Medium Risk
91,2021,0.82,0.65,0.6,0.81,0.39,0.44,197,4,0.69,Medium,0.5196330110991765,0.49483834586466163,Medium Risk,Medium Risk
92,2021,0.79,0.51,0.66,0.77,0.94,0.24,439,12,0.71,High,0.4755656999641963,0.4834864661654136,Medium Risk,Medium Risk
75,2022,0.96,0.5,0.74,0.64,0.74,0.55,430,12,0.73,High,0.5519262441818833,0.4890436090225564,Medium Risk,Medium Risk
35,2021,0.44,0.41,0.93,0.83,0.92,0.6,452,18,0.64,Medium,0.5728553526673829,0.6420082706766918,Medium Risk,Medium Risk
25,2023,0.48,0.6,0.58,0.67,0.85,0.38,394,12,0.6,Medium,0.6143412101682779,0.6405007518796993,Medium Risk,Medium Risk
6,2025,0.6,0.77,0.54,0.64,0.42,0.52,293,17,0.62,Medium,0.7168671679197994,0.6590022556390978,High Risk,Medium Risk
60,2024,0.55,0.76,0.69,0.95,0.52,0.29,258,15,0.69,Medium,0.507577873254565,0.5315473684210527,Medium Risk,Medium Risk
15,2023,0.69,0.82,0.83,0.92,0.92,0.82,309,9,0.81,High,0.38440386680988187,0.3847112781954887,Medium Risk,Medium Risk
74,2025,0.5,0.93,0.52,0.69,0.93,0.26,148,4,0.68,Medium,0.44806838524883624,0.46220977443609024,Medium Risk,Medium Risk
42,2025,0.45,0.65,0.68,0.96,0.33,0.51,295,6,0.61,Medium,0.5559971356963838,0.6137075187969925,Medium Risk,Medium Risk
40,2025,0.95,0.58,0.89,0.91,0.78,0.97,285,16,0.82,High,0.4775456498388829,0.42866766917293236,Medium Risk,Medium Risk
2,2021,0.81,0.75,0.6,0.8,0.52,0.43,423,19,0.72,High,0.5862585034013605,0.5232142857142857,Medium Risk,Medium Risk
64,2025,0.46,0.64,0.63,0.68,0.85,0.91,373,14,0.61,Medium,0.6817937701396347,0.6827413533834586,High Risk,High Risk
89,2024,0.93,0.91,0.59,0.98,0.56,0.34,193,14,0.83,High,0.4036305048335123,0.3459270676691729,Medium Risk,Medium Risk
51,2022,0.52,0.89,0.94,0.72,0.9,0.86,83,3,0.76,High,0.40711421410669535,0.4127466165413535,Medium Risk,Medium Risk
25,2022,0.96,0.81,0.67,0.8,0.75,0.51,164,1,0.82,High,0.3505119942713928,0.30327744360902253,Medium Risk,Low Risk
28,2023,0.42,0.4,0.72,0.63,0.78,0.24,364,7,0.54,Medium,0.6051825993555316,0.6759278195488723,Medium Risk,High Risk
51,2024,0.5,0.87,0.9,0.99,0.72,0.08,245,2,0.77,High,0.2487450769781597,0.32888345864661656,Low Risk,Low Risk
3,2025,0.34,0.83,0.74,0.94,0.57,0.17,380,9,0.66,Medium,0.4505943430003581,0.5256112781954887,Medium Risk,Medium Risk
33,2022,0.58,0.75,0.65,0.79,0.86,0.98,52,19,0.7,Medium,0.6316666666666667,0.6025,Medium Risk,Medium Risk
47,2023,0.89,0.8,0.85,0.75,0.92,0.73,200,17,0.84,High,0.4506426781238811,0.3764736842105263,Medium Risk,Medium Risk
50,2022,0.33,0.98,0.84,0.85,0.49,0.25,96,12,0.69,Medium,0.47080379520229154,0.5053293233082707,Medium Risk,Medium Risk
98,2025,0.4,0.41,0.77,0.99,0.56,0.36,426,1,0.58,Medium,0.480954171142141,0.6101345864661655,Medium Risk,Medium Risk
82,2025,0.32,0.47,0.71,0.63,0.58,0.47,406,13,0.51,Medium,0.7305674901539564,0.7786067669172932,High Risk,High Risk
89,2025,0.63,0.65,0.91,0.96,0.9,0.67,476,16,0.77,High,0.43526673827425705,0.46353909774436086,Medium Risk,Medium Risk
80,2022,0.33,0.96,0.83,0.9,0.52,0.85,118,19,0.69,Medium,0.5927891156462586,0.597057142857143,Medium Risk,Medium Risk
64,2023,0.34,0.52,0.71,0.69,0.3,0.92,369,1,0.51,Medium,0.7243555316863588,0.7672345864661655,High Risk,High Risk
55,2025,0.38,0.44,0.86,0.97,0.6,0.12,309,17,0.6,Medium,0.537173290368779,0.6418736842105264,Medium Risk,Medium Risk
27,2023,0.82,0.83,0.62,0.9,0.94,0.11,339,17,0.81,High,0.37727533118510564,0.3576308270676692,Medium Risk,Medium Risk
88,2021,0.57,0.88,0.67,0.78,0.77,0.51,128,17,0.72,High,0.536799140708915,0.5142736842105262,Medium Risk,Medium Risk
23,2023,0.32,0.72,0.52,0.92,0.52,0.56,119,0,0.57,Medium,0.5491156462585034,0.6325142857142858,Medium Risk,Medium Risk
68,2021,0.9,0.46,0.85,0.74,0.3,0.4,484,18,0.7,Medium,0.620032223415682,0.5633082706766916,Medium Risk,Medium Risk
70,2024,0.88,0.4,0.65,0.7,0.46,0.07,132,2,0.64,Medium,0.5097314715359827,0.5096691729323308,Medium Risk,Medium Risk
62,2025,0.91,0.94,0.75,0.73,0.37,0.95,161,17,0.8,High,0.5926154672395274,0.4581879699248121,Medium Risk,Medium Risk
17,2021,0.89,0.95,0.86,0.71,0.53,0.02,163,0,0.84,High,0.27670068027210887,0.23018571428571427,Low Risk,Low Risk
52,2025,0.68,0.45,0.98,0.7,0.9,0.17,110,7,0.71,High,0.4064411027568922,0.4506849624060151,Medium Risk,Medium Risk
26,2024,0.84,0.96,0.95,0.93,0.92,0.2,376,11,0.91,High,0.2090673111349803,0.1931804511278196,Low Risk,Low Risk
79,2022,0.56,0.64,0.77,0.66,0.78,0.17,174,16,0.66,Medium,0.5521374865735768,0.5592962406015038,Medium Risk,Medium Risk
12,2021,0.75,0.49,0.77,0.63,0.56,0.41,328,12,0.65,Medium,0.6088990332975295,0.5820293233082707,Medium Risk,Medium Risk
7,2024,0.98,0.84,0.85,0.94,0.38,0.71,179,0,0.85,High,0.334421768707483,0.28314285714285725,Medium Risk,Low Risk
80,2025,0.54,0.78,0.6,0.66,0.96,0.92,52,17,0.67,Medium,0.6493841747225205,0.6141879699248121,Medium Risk,Medium Risk
43,2021,0.53,0.59,0.82,0.74,0.4,0.6,277,16,0.62,Medium,0.6662871464375224,0.6620819548872181,High Risk,High Risk
97,2022,0.98,0.79,0.78,0.97,0.71,0.53,111,16,0.86,High,0.38285177228786255,0.32719624060150376,Medium Risk,Low Risk
64,2023,0.86,0.51,0.55,0.95,0.54,0.68,327,0,0.69,Medium,0.48268707482993195,0.49278571428571427,Medium Risk,Medium Risk
75,2022,0.81,0.62,0.54,0.68,0.68,0.21,146,16,0.68,Medium,0.5905728607232366,0.545381954887218,Medium Risk,Medium Risk
88,2025,0.89,0.64,0.62,0.92,0.54,0.11,355,15,0.74,High,0.4676799140708914,0.4454616541353383,Medium Risk,Medium Risk
94,2022,0.82,0.73,0.94,0.82,0.67,0.2,261,4,0.81,High,0.3084425349087003,0.3084383458646617,Low Risk,Low Risk
45,2022,0.44,0.93,0.56,0.6,0.65,0.58,96,10,0.63,Medium,0.6289974937343359,0.6005315789473684,Medium Risk,Medium Risk
9,2025,0.48,0.68,0.61,0.9,0.94,0.42,203,13,0.66,Medium,0.4994450411743645,0.553821052631579,Medium Risk,Medium Risk
92,2021,0.61,0.69,0.68,0.96,0.7,0.76,226,2,0.71,High,0.44394915861081274,0.4837977443609023,Medium Risk,Medium Risk
49,2022,0.55,0.88,0.97,0.85,0.82,0.81,238,0,0.79,High,0.33499999999999996,0.3626571428571429,Medium Risk,Medium Risk
49,2021,0.58,0.8,0.73,0.9,0.55,0.63,385,6,0.71,High,0.4731399928392409,0.4874932330827068,Medium Risk,Medium Risk
78,2023,0.38,0.76,0.74,0.61,0.57,0.11,117,10,0.6,Medium,0.5759022556390977,0.5999458646616542,Medium Risk,Medium Risk
2,2024,0.63,0.94,0.76,0.88,0.48,0.45,331,15,0.76,High,0.48441460794844254,0.455775939849624,Medium Risk,Medium Risk
100,2022,0.32,0.61,0.67,0.76,0.4,0.74,325,13,0.54,Medium,0.7375402792696025,0.7692924812030075,High Risk,High Risk
3,2024,0.79,0.91,0.71,0.72,0.96,0.52,241,3,0.81,High,0.35214822771213755,0.31797518796992486,Medium Risk,Low Risk
22,2022,0.53,0.89,0.8,0.76,0.63,0.85,311,19,0.72,High,0.6047619047619046,0.5629285714285714,Medium Risk,Medium Risk
27,2025,0.36,0.87,0.92,0.67,0.6,0.17,72,4,0.67,Medium,0.43827246688148935,0.48006691729323314,Medium Risk,Medium Risk
9,2023,0.44,0.53,0.52,0.73,0.69,0.86,430,2,0.55,Medium,0.6609219477264592,0.7045406015037594,High Risk,High Risk
14,2022,0.95,0.72,0.63,0.62,0.81,0.12,495,18,0.76,High,0.5095560329394916,0.42607969924812034,Medium Risk,Medium Risk
1,2024,0.34,0.5,0.85,0.88,0.93,0.58,68,1,0.62,Medium,0.44411743644826346,0.5668345864661652,Medium Risk,Medium Risk
12,2021,0.8,0.51,0.66,0.79,0.32,0.25,51,7,0.65,Medium,0.5567472252058717,0.5477421052631578,Medium Risk,Medium Risk
11,2024,0.66,0.52,0.9,0.67,0.36,0.44,63,15,0.64,Medium,0.6363533834586466,0.6146616541353385,Medium Risk,Medium Risk
54,2022,0.49,0.73,0.67,0.97,0.95,0.5,178,5,0.7,Medium,0.39259398496240605,0.46718721804511276,Medium Risk,Medium Risk
38,2025,0.63,0.6,0.96,0.6,0.69,0.74,457,18,0.69,Medium,0.6293519513068386,0.5905654135338346,Medium Risk,Medium Risk
10,2025,0.66,0.77,0.62,0.79,0.6,0.07,362,19,0.69,Medium,0.5422108843537414,0.5223,Medium Risk,Medium Risk
96,2024,0.47,0.52,0.75,0.91,0.34,0.58,380,1,0.59,Medium,0.5510902255639097,0.6224060150375941,Medium Risk,Medium Risk
57,2024,0.6,0.63,0.86,0.82,0.96,0.25,224,0,0.73,High,0.3178911564625851,0.38747142857142863,Low Risk,Medium Risk
98,2024,0.61,0.75,0.79,0.73,0.52,0.11,221,9,0.69,Medium,0.4768868600071608,0.4803255639097744,Medium Risk,Medium Risk
87,2024,1.0,0.92,0.78,0.81,0.5,0.52,91,18,0.86,High,0.4614267812388112,0.34850827067669166,Medium Risk,Medium Risk
82,2025,0.5,0.52,0.63,0.67,0.37,0.42,441,17,0.54,Medium,0.7562889366272826,0.7535308270676693,High Risk,High Risk
57,2025,0.42,0.44,0.66,0.69,0.66,0.1,304,11,0.54,Medium,0.6259380594343,0.6914375939849624,Medium Risk,High Risk
2,2023,0.82,0.72,0.93,0.88,0.31,0.39,137,11,0.78,High,0.4454958825635517,0.4149518796992481,Medium Risk,Medium Risk
16,2024,0.86,0.5,0.77,0.68,0.8,0.27,415,17,0.72,High,0.5348263515932689,0.5007022556390978,Medium Risk,Medium Risk
15,2022,0.63,0.8,0.7,0.72,0.74,0.15,247,0,0.71,High,0.38333333333333336,0.4025714285714286,Medium Risk,Medium Risk
4,2023,0.79,0.97,1.0,0.78,0.48,0.44,473,12,0.84,High,0.3877765843179377,0.3243721804511278,Medium Risk,Low Risk
23,2023,0.44,0.86,0.71,0.83,0.31,0.03,445,4,0.64,Medium,0.46636770497672764,0.5068812030075188,Medium Risk,Medium Risk
97,2024,0.65,0.64,0.82,0.85,0.38,0.98,275,12,0.68,Medium,0.6188990332975296,0.5963864661654135,Medium Risk,Medium Risk
58,2023,0.96,0.57,0.67,0.88,0.84,0.93,123,10,0.78,High,0.48838524883637663,0.44650300751879696,Medium Risk,Medium Risk
15,2025,0.58,0.55,0.6,0.98,0.94,0.05,341,11,0.67,Medium,0.41638023630504833,0.4998233082706767,Medium Risk,Medium Risk
98,2024,0.74,0.78,0.93,0.9,0.68,0.65,275,8,0.81,High,0.37947010383100604,0.3728766917293233,Medium Risk,Medium Risk
78,2024,0.64,0.48,0.62,0.72,0.95,0.23,403,9,0.64,Medium,0.5165807375581812,0.5538827067669173,Medium Risk,Medium Risk
1,2022,0.38,0.97,0.93,0.83,0.77,0.02,495,5,0.74,High,0.3017776584317938,0.3663015037593985,Low Risk,Medium Risk
23,2024,0.79,0.65,0.75,0.6,0.78,0.66,288,14,0.72,High,0.5849230218403151,0.5227556390977444,Medium Risk,Medium Risk
40,2023,0.66,0.91,0.73,0.74,0.68,0.72,76,3,0.75,High,0.4515359828141783,0.42291804511278186,Medium Risk,Medium Risk
80,2024,0.63,0.85,0.84,0.95,1.0,0.43,125,3,0.81,High,0.258780880773362,0.3056037593984962,Low Risk,Low Risk
95,2024,0.44,0.9,0.78,0.62,0.98,0.51,194,17,0.7,Medium,0.5414249910490511,0.5278165413533835,Medium Risk,Medium Risk
37,2025,0.76,0.77,0.59,0.81,0.8,0.97,349,6,0.74,High,0.5132420336555674,0.477678947368421,Medium Risk,Medium Risk
44,2025,0.53,0.96,0.67,1.0,0.64,0.18,427,9,0.75,High,0.36658073755818116,0.40302556390977434,Medium Risk,Medium Risk
10,2023,0.99,0.43,0.55,0.89,0.5,0.18,262,16,0.7,Medium,0.5536680988184748,0.5231390977443608,Medium Risk,Medium Risk
9,2021,0.84,0.48,0.73,0.84,0.6,0.03,355,0,0.7,Medium,0.3766666666666666,0.41177142857142857,Medium Risk,Medium Risk
13,2021,0.7,0.88,0.99,0.7,0.66,0.91,120,15,0.8,High,0.5119656283566058,0.4436902255639098,Medium Risk,Medium Risk
56,2024,0.62,0.57,0.98,0.66,0.71,0.28,142,18,0.69,Medium,0.5415968492660223,0.5385796992481204,Medium Risk,Medium Risk
97,2021,0.71,0.89,0.7,0.78,0.81,0.36,104,19,0.77,High,0.48272108843537415,0.43821428571428567,Medium Risk,Medium Risk
52,2024,0.36,0.58,0.98,0.98,0.53,0.57,136,8,0.65,Medium,0.4809667024704618,0.5760195488721805,Medium Risk,Medium Risk
81,2025,0.87,0.97,0.55,0.66,0.97,0.54,66,14,0.81,High,0.47220193340494093,0.3780413533834587,Medium Risk,Medium Risk
2,2024,0.82,0.53,0.93,0.98,0.47,0.88,473,12,0.76,High,0.49988542785535256,0.4905721804511278,Medium Risk,Medium Risk
4,2021,0.9,0.7,0.8,0.69,0.68,0.69,195,9,0.78,High,0.4912406015037594,0.4242255639097744,Medium Risk,Medium Risk
57,2023,0.73,0.62,0.89,0.67,0.57,0.35,301,8,0.71,High,0.49276942355889725,0.4764195488721804,Medium Risk,Medium Risk
15,2024,0.64,0.88,0.79,0.74,0.87,0.24,482,12,0.77,High,0.40593984962406016,0.3950436090225563,Medium Risk,Medium Risk
1,2022,0.48,0.41,0.82,0.8,0.61,0.97,76,17,0.59,Medium,0.715438596491228,0.7416308270676693,High Risk,High Risk
39,2021,0.7,0.92,0.79,0.89,0.56,0.09,87,8,0.79,High,0.3423612602935911,0.3405624060150376,Medium Risk,Medium Risk
73,2023,0.97,0.55,0.67,0.96,0.98,0.44,253,1,0.8,High,0.2962943071965629,0.3152774436090226,Low Risk,Low Risk
78,2024,0.46,0.46,0.91,0.66,0.82,0.05,155,4,0.62,Medium,0.45987110633727163,0.5430240601503759,Medium Risk,Medium Risk
50,2022,0.52,0.98,0.71,0.78,0.7,0.98,245,6,0.73,High,0.5104869316147512,0.4882646616541354,Medium Risk,Medium Risk
62,2021,0.8,0.76,0.54,0.87,0.34,0.6,363,18,0.7,Medium,0.6315628356605799,0.5651939849624059,Medium Risk,Medium Risk
34,2024,0.78,0.89,0.71,0.72,0.96,0.68,100,2,0.8,High,0.37428929466523453,0.3395691729323308,Medium Risk,Medium Risk
76,2025,0.54,0.77,0.77,0.65,0.5,0.24,183,18,0.66,Medium,0.6110186179735052,0.5850368421052632,Medium Risk,Medium Risk
69,2022,0.31,0.71,0.57,0.95,0.91,0.42,373,4,0.62,Medium,0.4590207662012174,0.5666383458646617,Medium Risk,Medium Risk
40,2023,0.49,0.7,0.89,0.94,0.89,0.36,322,3,0.73,High,0.32480128893662735,0.4113894736842106,Low Risk,Medium Risk
99,2021,0.79,0.41,0.7,0.73,0.79,0.77,416,10,0.67,Medium,0.5935213032581454,0.5821315789473684,Medium Risk,Medium Risk
55,2023,0.51,0.67,0.86,0.88,0.99,0.23,230,12,0.72,High,0.3865520945220193,0.45262932330827066,Medium Risk,Medium Risk
12,2025,0.94,0.49,0.88,0.83,0.49,0.47,54,10,0.75,High,0.4750859291084855,0.44661729323308275,Medium Risk,Medium Risk
71,2025,0.7,0.78,0.76,0.62,0.46,0.49,115,5,0.7,Medium,0.5356892230576441,0.4912872180451128,Medium Risk,Medium Risk
41,2024,0.53,0.55,0.73,0.65,0.95,0.87,430,13,0.64,Medium,0.6374382384532761,0.642263909774436,Medium Risk,Medium Risk
70,2022,0.93,0.78,0.72,0.62,0.65,0.76,338,17,0.78,High,0.5902005012531327,0.4732736842105263,Medium Risk,Medium Risk
5,2022,0.75,0.45,0.72,0.72,0.68,0.13,225,11,0.66,Medium,0.5285571070533478,0.538909022556391,Medium Risk,Medium Risk
82,2021,0.37,0.75,0.74,0.81,0.77,0.27,374,6,0.64,Medium,0.46086108127461506,0.5308218045112783,Medium Risk,Medium Risk
45,2024,0.74,0.45,0.56,0.62,0.48,0.14,102,5,0.59,Medium,0.6091586108127461,0.6052157894736843,Medium Risk,Medium Risk
69,2024,0.73,0.9,0.86,0.65,0.82,0.28,174,18,0.8,High,0.45598460436806304,0.3965654135338347,Medium Risk,Medium Risk
39,2024,0.62,0.87,0.8,0.86,1.0,0.07,70,6,0.79,High,0.27075904045828864,0.3106503759398497,Low Risk,Low Risk
95,2022,0.35,0.89,0.82,0.86,0.39,0.65,152,0,0.66,Medium,0.4776190476190476,0.5248714285714287,Medium Risk,Medium Risk
25,2023,0.61,0.42,0.68,0.93,0.79,0.46,118,8,0.64,Medium,0.5028374507697816,0.5717338345864662,Medium Risk,Medium Risk
2,2022,0.63,0.96,0.82,0.72,0.67,0.07,375,15,0.77,High,0.42659147869674185,0.3973187969924812,Medium Risk,Medium Risk
49,2023,0.63,0.61,0.84,0.86,0.8,0.27,121,4,0.72,High,0.3735445757250269,0.42829548872180456,Medium Risk,Medium Risk
15,2023,0.37,0.41,0.57,0.89,0.98,0.98,284,1,0.56,Medium,0.5827909058360186,0.689706015037594,Medium Risk,High Risk
54,2023,0.87,0.55,0.71,0.94,0.91,0.24,166,6,0.77,High,0.3357250268528465,0.36476466165413535,Medium Risk,Medium Risk
64,2025,0.48,0.78,0.51,0.89,0.66,0.61,298,15,0.64,Medium,0.6071016827783744,0.6203473684210525,Medium Risk,Medium Risk
9,2022,0.83,0.84,0.93,0.68,0.58,0.95,474,7,0.8,High,0.48113498030791263,0.40161353383458653,Medium Risk,Medium Risk
93,2024,0.38,0.52,1.0,0.82,0.5,0.99,139,18,0.62,Medium,0.6839097744360904,0.7154511278195488,High Risk,High Risk
49,2023,0.89,0.83,0.84,0.96,0.78,0.28,107,13,0.86,High,0.30556749015395634,0.282521052631579,Low Risk,Low Risk
66,2021,0.83,0.77,0.54,0.81,0.54,0.33,55,5,0.73,High,0.4673558897243107,0.435272932330827,Medium Risk,Medium Risk
53,2022,0.35,0.8,0.9,0.87,0.65,0.95,261,0,0.68,Medium,0.46241496598639464,0.5227142857142858,Medium Risk,Medium Risk
65,2021,0.6,0.42,0.98,0.68,0.85,0.77,265,11,0.67,Medium,0.563046902971715,0.5849518796992481,Medium Risk,Medium Risk
45,2022,0.64,0.41,0.96,0.99,0.46,0.21,108,16,0.68,Medium,0.4894504117436448,0.5478248120300753,Medium Risk,Medium Risk
54,2021,0.55,0.9,0.75,0.96,0.95,0.17,124,17,0.78,High,0.3636698890082348,0.39590225563909776,Medium Risk,Medium Risk
98,2021,0.55,0.74,0.63,0.97,0.49,0.9,406,15,0.67,Medium,0.6156050841389187,0.6158616541353383,Medium Risk,Medium Risk
79,2022,0.93,0.5,0.98,0.78,0.96,0.68,50,2,0.81,High,0.33796276405298953,0.33601203007518793,Medium Risk,Medium Risk
30,2024,0.4,0.46,0.71,0.92,0.4,0.13,156,12,0.56,Medium,0.5936949516648765,0.6822721804511278,Medium Risk,High Risk
53,2024,0.42,0.95,0.91,0.74,0.76,0.54,70,3,0.73,High,0.39752237737200147,0.42411804511278195,Medium Risk,Medium Risk
44,2025,0.33,0.67,0.95,0.83,0.88,0.99,150,1,0.67,Medium,0.4637432867883997,0.5440488721804512,Medium Risk,Medium Risk
48,2023,0.78,0.54,0.57,0.95,0.49,0.22,172,4,0.67,Medium,0.46072144647332625,0.4908526315789474,Medium Risk,Medium Risk
82,2024,0.74,0.66,0.72,0.72,0.83,0.94,123,10,0.72,High,0.5581811672037236,0.5214315789473685,Medium Risk,Medium Risk
81,2025,0.91,0.84,0.63,0.63,0.49,0.91,430,17,0.75,High,0.6562209094163982,0.5215308270676693,Medium Risk,Medium Risk
78,2021,0.48,0.83,0.51,0.75,0.74,0.15,221,6,0.64,Medium,0.4954869316147512,0.5249075187969926,Medium Risk,Medium Risk
80,2023,0.76,0.64,0.8,0.64,0.31,0.91,304,19,0.68,Medium,0.7340816326530613,0.642,High Risk,Medium Risk
58,2021,0.86,0.45,0.71,0.87,0.47,0.08,147,11,0.69,Medium,0.49110812746151095,0.4970804511278196,Medium Risk,Medium Risk
5,2025,0.98,0.98,0.58,0.72,0.37,0.27,180,8,0.8,High,0.45613677049767276,0.34801954887218056,Medium Risk,Medium Risk
26,2022,0.99,0.78,0.71,0.67,0.99,0.82,442,1,0.83,High,0.3818385248836377,0.3110917293233083,Medium Risk,Low Risk
61,2021,0.76,0.84,0.89,0.7,0.51,0.48,155,11,0.77,High,0.4769244539921232,0.4200661654135338,Medium Risk,Medium Risk
74,2023,0.55,0.85,0.75,0.65,0.71,0.3,52,5,0.7,Medium,0.46361439312567126,0.4629586466165413,Medium Risk,Medium Risk
43,2024,0.72,0.93,0.71,0.84,0.74,0.42,134,3,0.79,High,0.3494271392767634,0.3385466165413534,Medium Risk,Medium Risk
52,2024,0.91,0.54,0.61,0.89,0.52,0.51,362,14,0.72,High,0.5546849266022199,0.5192270676691728,Medium Risk,Medium Risk
73,2023,0.9,0.92,0.7,0.9,0.4,0.01,89,18,0.82,High,0.42010025062656636,0.354593984962406,Medium Risk,Medium Risk
50,2022,0.83,0.85,0.57,0.95,0.49,0.98,184,11,0.77,High,0.5379108485499463,0.47590902255639106,Medium Risk,Medium Risk
72,2025,0.61,0.44,0.79,0.84,0.82,0.03,156,0,0.66,Medium,0.3710884353741496,0.4643142857142857,Medium Risk,Medium Risk
18,2022,0.34,0.95,0.85,0.8,0.61,0.13,435,16,0.69,Medium,0.47934837092731836,0.5095676691729323,Medium Risk,Medium Risk
6,2022,0.62,0.83,0.79,0.8,0.43,0.46,462,5,0.71,High,0.46909058360186184,0.46255864661654134,Medium Risk,Medium Risk
78,2022,0.67,0.78,0.77,0.65,0.56,0.1,190,8,0.7,Medium,0.4746741854636591,0.45533383458646615,Medium Risk,Medium Risk
10,2025,0.51,0.43,0.73,0.94,0.95,0.93,340,5,0.64,Medium,0.5149409237379163,0.5978729323308271,Medium Risk,Medium Risk
3,2022,0.99,0.8,0.64,0.83,0.38,0.97,421,11,0.79,High,0.5610401002506266,0.45378045112781956,Medium Risk,Medium Risk
5,2023,0.47,0.83,0.89,0.87,0.73,0.89,382,8,0.73,High,0.46889187253848913,0.4920624060150377,Medium Risk,Medium Risk
2,2025,0.47,0.99,0.69,0.89,0.78,0.21,468,15,0.74,High,0.42608127461510925,0.44504736842105264,Medium Risk,Medium Risk
15,2024,0.44,0.96,0.68,0.64,0.79,0.3,201,1,0.68,Medium,0.4370426065162906,0.4534631578947369,Medium Risk,Medium Risk
38,2023,0.59,0.99,0.83,0.9,0.32,0.12,395,17,0.76,High,0.4540780522735409,0.4341736842105263,Medium Risk,Medium Risk
9,2025,0.87,0.64,0.97,0.76,0.84,0.48,478,16,0.81,High,0.42805585392051565,0.38929624060150375,Medium Risk,Medium Risk
40,2022,0.96,0.9,0.9,0.68,0.86,0.85,442,10,0.88,High,0.4000179018976011,0.30006015037593986,Medium Risk,Low Risk
69,2023,0.7,0.63,0.98,0.71,0.58,0.98,493,10,0.73,High,0.5595076978159684,0.525045864661654,Medium Risk,Medium Risk
87,2021,0.31,0.74,0.97,0.87,0.88,0.01,478,19,0.69,Medium,0.4264965986394558,0.5108000000000001,Medium Risk,Medium Risk
61,2024,0.78,0.7,0.88,0.79,0.4,0.65,356,4,0.74,High,0.4709935553168636,0.4433954887218045,Medium Risk,Medium Risk
13,2023,0.73,0.49,0.98,0.81,0.35,0.63,254,14,0.69,Medium,0.5780182599355531,0.56466992481203,Medium Risk,Medium Risk
54,2023,0.74,0.96,0.6,0.89,0.91,0.52,261,15,0.81,High,0.4215914786967418,0.3853759398496241,Medium Risk,Medium Risk
76,2025,0.9,0.91,0.55,0.64,0.48,0.87,186,7,0.75,High,0.5820193340494092,0.46462781954887217,Medium Risk,Medium Risk
87,2022,0.74,0.61,0.89,0.69,0.75,0.24,218,9,0.73,High,0.4410365198711063,0.43803984962406023,Medium Risk,Medium Risk
24,2022,0.39,0.92,0.8,0.65,0.6,0.16,78,13,0.66,Medium,0.5279144289294665,0.5325639097744361,Medium Risk,Medium Risk
79,2021,0.36,0.52,0.74,0.74,0.55,0.53,207,18,0.55,Medium,0.7149301825993556,0.7529082706766919,High Risk,High Risk
53,2025,0.86,0.6,0.53,0.82,0.71,0.93,487,16,0.71,High,0.6347225205871823,0.5749819548872181,Medium Risk,Medium Risk
19,2023,0.94,0.76,0.76,0.82,0.98,0.77,60,15,0.84,High,0.429108485499463,0.36463308270676703,Medium Risk,Medium Risk
90,2025,0.62,0.58,0.52,0.73,0.68,0.55,61,2,0.61,Medium,0.5700375939849623,0.5881834586466167,Medium Risk,Medium Risk
21,2022,0.53,0.57,0.59,0.8,0.49,0.73,186,5,0.59,Medium,0.6328320802005012,0.6578443609022555,Medium Risk,Medium Risk
3,2024,0.84,0.6,0.78,0.68,0.82,0.05,75,13,0.74,High,0.4466559255281059,0.424621052631579,Medium Risk,Medium Risk
54,2022,0.6,0.51,0.64,0.71,0.66,0.23,491,15,0.61,Medium,0.6197547440028642,0.6327616541353384,Medium Risk,Medium Risk
24,2025,0.71,0.84,0.66,0.61,0.39,0.91,186,2,0.69,Medium,0.6032348728965271,0.5316406015037595,Medium Risk,Medium Risk
64,2024,0.81,0.72,0.6,0.64,0.57,0.84,482,15,0.7,Medium,0.6688363766559255,0.5778045112781955,High Risk,Medium Risk
100,2023,0.41,0.57,0.69,0.9,0.68,0.08,179,19,0.61,Medium,0.5666666666666667,0.6369571428571429,Medium Risk,Medium Risk
15,2024,0.59,0.96,0.82,0.92,0.63,0.36,172,7,0.78,High,0.3527676333691371,0.36592781954887216,Medium Risk,Medium Risk
29,2023,0.85,0.5,0.76,0.79,0.74,0.95,240,11,0.72,High,0.5647135696383817,0.5310090225563909,Medium Risk,Medium Risk
76,2023,0.34,0.44,0.59,0.61,0.82,0.72,260,15,0.5,Medium,0.7768295739348371,0.8144045112781954,High Risk,High Risk
86,2025,0.41,0.58,0.62,0.75,0.48,0.49,58,18,0.55,Medium,0.7297261009667025,0.7488225563909775,High Risk,High Risk
35,2025,0.75,0.58,0.73,0.71,0.56,0.16,55,13,0.68,Medium,0.5421321160042966,0.5251924812030075,Medium Risk,Medium Risk
67,2024,0.42,0.52,0.66,0.84,0.45,0.12,205,13,0.56,Medium,0.6140708915145004,0.6789639097744361,Medium Risk,High Risk
44,2021,0.31,0.62,0.54,0.7,0.36,0.1,407,1,0.5,Medium,0.6222807017543859,0.6945774436090226,Medium Risk,High Risk
40,2023,0.75,0.48,0.96,0.64,0.97,0.61,248,1,0.73,High,0.4156140350877194,0.4318060150375941,Medium Risk,Medium Risk
11,2022,0.36,0.97,0.63,0.73,0.58,0.05,155,12,0.64,Medium,0.5229806659505908,0.541715037593985,Medium Risk,Medium Risk
53,2024,0.55,0.86,0.9,0.66,0.56,0.37,490,4,0.72,High,0.44789831722162543,0.44376691729323303,Medium Risk,Medium Risk
98,2024,0.87,0.63,0.52,0.67,0.97,0.07,413,15,0.72,High,0.49853025420694586,0.4611045112781955,Medium Risk,Medium Risk
25,2024,0.3,0.7,0.69,0.99,0.41,0.35,409,2,0.59,Medium,0.49187432867883996,0.5958406015037595,Medium Risk,Medium Risk
87,2025,0.45,0.53,0.86,0.8,0.59,0.17,222,9,0.62,Medium,0.5112065878983172,0.5818398496240601,Medium Risk,Medium Risk
25,2024,0.36,0.73,0.95,0.71,0.53,0.12,373,18,0.64,Medium,0.561154672395274,0.5929511278195488,Medium Risk,Medium Risk
19,2024,0.76,0.9,0.61,0.65,0.9,0.16,154,17,0.76,High,0.48030254206945944,0.42015939849624057,Medium Risk,Medium Risk
75,2022,0.34,0.92,0.67,0.96,0.96,0.67,416,1,0.71,High,0.37370927318295744,0.45492030075187967,Medium Risk,Medium Risk
93,2021,0.88,0.98,0.89,0.85,0.72,0.85,176,7,0.89,High,0.34545470819906915,0.27772781954887227,Medium Risk,Low Risk
19,2023,0.34,0.63,0.72,0.66,0.37,0.54,347,1,0.54,Medium,0.6374507697815969,0.6831345864661654,Medium Risk,High Risk
9,2023,0.98,0.83,1.0,0.88,0.51,0.67,479,1,0.88,High,0.2906480486931615,0.2404774436090226,Low Risk,Low Risk
46,2023,0.79,0.41,0.82,0.67,0.7,0.5,397,7,0.67,Medium,0.5379036877909059,0.5342849624060151,Medium Risk,Medium Risk
34,2024,0.89,0.93,0.74,0.89,0.52,0.34,162,12,0.83,High,0.38944325098460436,0.32911503759398497,Medium Risk,Low Risk
21,2022,0.75,0.42,0.81,0.8,0.68,0.36,351,7,0.68,Medium,0.4841962047977085,0.5119563909774436,Medium Risk,Medium Risk
10,2021,0.97,0.65,0.73,0.62,0.33,0.72,167,3,0.73,High,0.5644611528822054,0.47334661654135335,Medium Risk,Medium Risk
39,2025,0.47,0.85,0.58,0.68,0.62,0.29,340,12,0.63,Medium,0.5873684210526315,0.5820007518796992,Medium Risk,Medium Risk
52,2023,0.86,0.9,0.93,0.77,0.79,0.27,241,6,0.86,High,0.28106516290726813,0.24477894736842104,Low Risk,Low Risk
12,2023,0.7,0.95,0.98,0.82,0.62,0.95,488,3,0.83,High,0.3789509488005729,0.34491804511278207,Medium Risk,Medium Risk
89,2024,0.47,0.68,0.73,0.83,0.55,0.16,82,19,0.64,Medium,0.5797619047619048,0.6073428571428572,Medium Risk,Medium Risk
42,2024,0.73,0.52,0.8,0.87,0.67,0.72,158,4,0.71,High,0.4732384532760472,0.49505263157894736,Medium Risk,Medium Risk
54,2025,0.42,0.81,0.82,0.96,0.81,0.51,111,12,0.72,High,0.43117794486215544,0.48902932330827065,Medium Risk,Medium Risk
39,2025,0.88,0.66,0.82,0.89,0.74,0.14,253,15,0.8,High,0.381999641962048,0.3678902255639098,Medium Risk,Medium Risk
27,2024,0.9,0.81,0.94,0.68,0.91,0.06,68,7,0.85,High,0.2766451843895453,0.2416563909774436,Low Risk,Low Risk
38,2025,0.51,0.85,0.6,0.68,0.43,0.13,472,9,0.63,Medium,0.5668528464017185,0.5594398496240602,Medium Risk,Medium Risk
48,2024,0.84,0.84,0.9,0.71,0.92,0.14,275,5,0.84,High,0.276811672037236,0.2546015037593986,Low Risk,Low Risk
54,2021,0.41,0.97,0.88,0.71,0.71,0.72,443,11,0.72,High,0.51015574650913,0.5027375939849624,Medium Risk,Medium Risk
92,2023,0.77,0.63,0.98,0.95,0.8,0.71,57,19,0.81,High,0.4437074829931973,0.4358428571428572,Medium Risk,Medium Risk
51,2025,0.68,0.98,0.74,0.63,0.69,0.84,427,16,0.76,High,0.580062656641604,0.48895338345864664,Medium Risk,Medium Risk
62,2021,0.8,0.54,0.84,0.99,0.78,0.88,364,9,0.77,High,0.437907268170426,0.4516827067669173,Medium Risk,Medium Risk
99,2024,0.79,0.91,0.68,0.7,0.96,0.73,209,9,0.8,High,0.4429752953813105,0.38235413533834584,Medium Risk,Medium Risk
11,2023,0.68,0.79,0.88,0.85,0.68,0.75,89,18,0.77,High,0.5109505907626207,0.4781511278195488,Medium Risk,Medium Risk
67,2022,0.55,0.64,0.99,0.64,0.49,0.49,220,6,0.67,Medium,0.5281740064446832,0.5348932330827069,Medium Risk,Medium Risk
49,2021,0.72,0.58,0.71,0.69,0.98,0.13,73,6,0.7,Medium,0.4184801288936627,0.4401218045112783,Medium Risk,Medium Risk
81,2025,0.44,0.45,0.74,0.6,0.36,0.81,277,12,0.52,Medium,0.7989330469029718,0.8008293233082706,High Risk,High Risk
23,2023,0.78,0.43,0.89,0.94,0.86,0.51,177,12,0.75,High,0.4251235230934479,0.461115037593985,Medium Risk,Medium Risk
31,2022,0.45,0.72,0.87,0.85,0.63,0.96,472,12,0.68,Medium,0.5725044754744003,0.5912436090225563,Medium Risk,Medium Risk
37,2021,0.81,0.84,0.54,0.74,0.9,0.23,252,5,0.76,High,0.392015753669889,0.3659157894736842,Medium Risk,Medium Risk
61,2022,0.35,0.55,0.83,0.96,0.62,0.61,235,5,0.61,Medium,0.5049409237379162,0.6074443609022556,Medium Risk,Medium Risk
57,2025,0.54,0.71,0.99,0.88,0.77,0.24,59,10,0.75,High,0.3650519155030433,0.41830300751879695,Medium Risk,Medium Risk
97,2021,0.67,0.75,0.5,0.9,0.8,0.37,488,13,0.7,Medium,0.496860007160759,0.5016353383458646,Medium Risk,Medium Risk
93,2024,0.97,0.54,0.66,0.67,0.7,0.15,213,5,0.73,High,0.45089330469029715,0.4154300751879699,Medium Risk,Medium Risk
21,2025,0.76,0.6,0.87,0.82,0.62,0.17,386,13,0.74,High,0.44522735409953457,0.4475067669172933,Medium Risk,Medium Risk
16,2024,0.56,0.96,0.75,0.86,0.94,0.87,251,17,0.78,High,0.4850984604368063,0.46261654135338354,Medium Risk,Medium Risk
22,2021,0.63,0.43,0.6,0.92,0.62,0.3,288,18,0.62,Medium,0.609828141783029,0.6466654135338344,Medium Risk,Medium Risk
63,2021,0.82,0.56,0.56,0.7,0.94,0.58,226,19,0.7,Medium,0.6123129251700681,0.5652571428571428,Medium Risk,Medium Risk
64,2023,0.66,0.68,0.63,0.93,0.93,0.78,424,12,0.73,High,0.4922323666308629,0.5055007518796992,Medium Risk,Medium Risk
37,2021,0.37,0.84,0.6,0.75,0.65,0.73,225,5,0.62,Medium,0.5835463659147869,0.6073157894736841,Medium Risk,Medium Risk
70,2023,0.68,0.89,0.59,0.92,0.79,0.56,88,6,0.76,High,0.40518080916577154,0.40510751879699247,Medium Risk,Medium Risk
11,2024,0.4,0.8,0.76,0.86,0.54,0.91,360,8,0.66,Medium,0.5726673827425708,0.5972195488721804,Medium Risk,Medium Risk
10,2024,0.77,0.54,0.8,0.88,0.36,0.5,158,19,0.69,Medium,0.6013605442176869,0.5762857142857142,Medium Risk,Medium Risk
92,2022,0.43,0.94,0.72,0.68,0.61,0.41,51,7,0.67,Medium,0.5156928034371643,0.516784962406015,Medium Risk,Medium Risk
84,2022,0.66,0.49,0.53,0.89,0.69,0.36,435,19,0.63,Medium,0.6219387755102039,0.6385571428571428,Medium Risk,Medium Risk
61,2025,0.83,0.6,0.87,0.66,0.39,0.35,319,3,0.71,High,0.48554958825635514,0.45401804511278193,Medium Risk,Medium Risk
69,2023,0.34,0.48,0.93,0.85,0.48,0.56,385,5,0.58,Medium,0.5557912638739706,0.6488015037593985,Medium Risk,Medium Risk
65,2021,0.83,0.41,0.76,0.81,0.58,0.3,334,10,0.68,Medium,0.5153580379520228,0.521103007518797,Medium Risk,Medium Risk
3,2024,0.86,0.88,0.71,0.71,0.5,0.48,75,18,0.78,High,0.5495220193340494,0.4507082706766917,Medium Risk,Medium Risk
1,2025,0.87,0.58,0.79,0.9,0.57,0.3,339,13,0.76,High,0.45060150375939845,0.43773533834586464,Medium Risk,Medium Risk
49,2021,0.95,0.73,0.83,0.96,0.37,0.23,199,17,0.81,High,0.42659505907626205,0.3774593984962406,Medium Risk,Medium Risk
76,2022,0.9,0.65,0.54,0.78,0.46,0.29,434,18,0.7,Medium,0.6007124955245257,0.5332654135338345,Medium Risk,Medium Risk
37,2023,0.82,0.42,0.79,0.91,0.31,0.55,115,14,0.68,Medium,0.5916237021124239,0.5821413533834587,Medium Risk,Medium Risk
20,2024,0.46,0.96,0.67,0.66,0.69,0.94,451,1,0.68,Medium,0.5405119942713927,0.5240631578947368,Medium Risk,Medium Risk
48,2021,0.83,0.87,0.82,0.94,0.82,0.88,442,14,0.85,High,0.4062155388471179,0.35984135338345874,Medium Risk,Medium Risk
15,2023,0.59,0.57,0.78,0.72,0.36,0.0,330,8,0.62,Medium,0.5396741854636592,0.5645195488721805,Medium Risk,Medium Risk
6,2022,1.0,0.57,0.64,0.66,0.41,0.29,218,13,0.71,High,0.5862477622627998,0.5022353383458646,Medium Risk,Medium Risk
36,2024,0.73,0.56,0.64,0.8,0.86,0.05,253,15,0.69,Medium,0.4826459004654494,0.4976902255639098,Medium Risk,Medium Risk
51,2022,0.31,0.59,0.79,0.66,0.6,0.55,320,3,0.56,Medium,0.6026244181883279,0.6658894736842106,Medium Risk,High Risk
60,2025,0.58,0.87,0.97,0.94,0.69,0.41,315,19,0.8,High,0.41136054421768714,0.4170142857142858,Medium Risk,Medium Risk
65,2025,0.52,0.68,0.64,0.98,0.52,0.1,418,1,0.65,Medium,0.40391335481561047,0.48543458646616544,Medium Risk,Medium Risk
13,2023,0.74,0.62,0.77,0.92,0.87,0.96,57,12,0.76,High,0.4917221625492302,0.4886721804511277,Medium Risk,Medium Risk
59,2022,0.84,0.43,0.51,0.92,0.63,0.13,181,3,0.66,Medium,0.45357679914070886,0.4915466165413534,Medium Risk,Medium Risk
54,2022,0.9,0.83,0.74,0.81,0.98,0.97,375,17,0.85,High,0.47349982098102394,0.393287969924812,Medium Risk,Medium Risk
2,2022,0.66,0.47,0.98,0.72,0.9,0.39,477,7,0.71,High,0.430046544933763,0.46939924812030076,Medium Risk,Medium Risk
74,2025,0.41,0.62,0.81,0.66,0.98,0.91,362,17,0.64,Medium,0.6484998209810239,0.661587969924812,Medium Risk,High Risk
74,2022,0.36,0.95,0.6,0.77,0.61,0.6,383,3,0.64,Medium,0.5268080916577157,0.5514323308270678,Medium Risk,Medium Risk
90,2021,0.78,0.76,0.55,0.8,0.81,0.99,124,6,0.74,High,0.5273576799140709,0.48629323308270667,Medium Risk,Medium Risk
26,2021,0.97,0.45,0.77,0.72,0.57,0.18,193,8,0.72,High,0.47640887934121023,0.4475481203007519,Medium Risk,Medium Risk
28,2025,0.65,0.45,0.81,0.74,0.9,0.43,499,5,0.67,Medium,0.46895452918009306,0.51393007518797,Medium Risk,Medium Risk
96,2022,0.49,0.86,0.6,0.73,0.63,0.94,380,13,0.65,Medium,0.6556695309702828,0.6242781954887218,Medium Risk,Medium Risk
38,2024,0.55,0.49,0.75,0.78,0.93,0.93,288,13,0.65,Medium,0.6081525241675616,0.6334924812030075,Medium Risk,Medium Risk
34,2021,0.93,0.88,0.5,0.73,0.6,0.23,68,7,0.77,High,0.44926423200859283,0.3756992481203007,Medium Risk,Medium Risk
92,2023,0.48,0.43,0.62,0.92,0.9,0.48,454,11,0.6,Medium,0.5506659505907626,0.6364804511278196,Medium Risk,Medium Risk
37,2023,0.95,0.79,0.69,0.9,0.77,0.53,407,14,0.83,High,0.412406015037594,0.3562127819548872,Medium Risk,Medium Risk
94,2024,0.91,0.5,0.93,0.95,0.68,0.66,53,11,0.79,High,0.41757071249552447,0.41209473684210524,Medium Risk,Medium Risk
73,2025,0.81,0.92,0.83,0.8,0.41,0.05,418,12,0.8,High,0.39559971356963836,0.3463578947368421,Medium Risk,Medium Risk
77,2022,0.7,0.63,0.88,0.72,0.72,0.54,417,19,0.72,High,0.560748299319728,0.5304142857142857,Medium Risk,Medium Risk
15,2021,0.83,0.48,0.61,0.95,0.31,0.75,273,10,0.66,Medium,0.6109362692445399,0.5950315789473684,Medium Risk,Medium Risk
8,2024,0.3,0.89,0.68,0.82,0.77,0.7,98,18,0.65,Medium,0.6070390261367705,0.6285796992481203,Medium Risk,Medium Risk
33,2023,0.95,0.92,0.71,0.88,0.93,0.85,248,14,0.88,High,0.39594343000358034,0.3163699248120301,Medium Risk,Low Risk
46,2021,0.68,0.66,0.87,0.93,0.84,0.04,115,19,0.77,High,0.389625850340136,0.4193714285714286,Medium Risk,Medium Risk
33,2021,0.88,0.91,0.65,0.77,0.63,0.16,225,12,0.8,High,0.4166541353383459,0.3520864661654135,Medium Risk,Medium Risk
61,2021,0.47,0.45,0.96,0.83,0.77,0.91,98,6,0.65,Medium,0.5333100608664518,0.6000503759398497,Medium Risk,Medium Risk
65,2023,0.76,0.64,0.68,0.88,0.57,0.35,160,4,0.71,High,0.43680988184747577,0.44939548872180446,Medium Risk,Medium Risk
76,2024,0.47,0.41,0.58,0.84,0.8,0.02,449,8,0.57,Medium,0.5296061582527748,0.6276624060150376,Medium Risk,Medium Risk
13,2024,0.35,0.94,0.61,0.9,0.52,0.86,190,7,0.65,Medium,0.5675295381310419,0.591384962406015,Medium Risk,Medium Risk
55,2025,0.35,0.84,0.81,0.6,0.31,0.81,405,19,0.6,Medium,0.7672789115646259,0.7255428571428572,High Risk,High Risk
75,2024,0.94,1.0,0.58,0.95,0.49,0.59,60,8,0.84,High,0.3986197636949517,0.3235909774436091,Medium Risk,Low Risk
50,2021,0.78,0.87,0.9,0.65,0.61,0.83,154,2,0.79,High,0.44262262799856783,0.3811691729323309,Medium Risk,Medium Risk
19,2021,0.64,0.47,0.9,0.7,0.93,0.91,449,14,0.69,Medium,0.584923021840315,0.5860413533834586,Medium Risk,Medium Risk
90,2024,0.61,0.78,0.73,0.74,0.57,0.24,123,2,0.69,Medium,0.4390511994271392,0.4517263157894737,Medium Risk,Medium Risk
87,2021,0.31,0.41,0.99,0.69,0.86,0.06,112,0,0.58,Medium,0.4320068027210885,0.5652428571428573,Medium Risk,Medium Risk
90,2021,0.31,0.55,0.7,0.78,0.51,0.03,286,10,0.54,Medium,0.59171858216971,0.6782744360902258,Medium Risk,High Risk
59,2022,0.36,0.45,0.96,0.88,0.39,0.36,368,4,0.58,Medium,0.521843895452918,0.6266669172932331,Medium Risk,Medium Risk
93,2022,0.76,0.57,0.98,0.73,1.0,1.0,103,19,0.78,High,0.53921768707483,0.5022714285714286,Medium Risk,Medium Risk
79,2022,0.76,0.72,0.98,0.89,0.45,0.11,348,14,0.78,High,0.39386860007160757,0.3888842105263158,Medium Risk,Medium Risk
85,2024,0.85,0.59,0.66,0.6,0.79,0.11,158,7,0.7,Medium,0.47943430003580373,0.45059924812030083,Medium Risk,Medium Risk
44,2023,0.59,0.69,0.54,0.71,0.53,0.95,376,17,0.62,Medium,0.7519351951306837,0.7025736842105264,High Risk,High Risk
90,2022,0.94,0.52,0.99,0.89,0.84,0.66,326,19,0.83,High,0.4384693877551021,0.4068857142857143,Medium Risk,Medium Risk
34,2021,0.8,0.85,0.61,0.78,0.73,0.77,274,1,0.76,High,0.43915145005370565,0.3997345864661654,Medium Risk,Medium Risk
64,2023,0.66,0.68,0.66,0.83,0.81,0.41,141,18,0.71,High,0.5361206587898317,0.5311368421052631,Medium Risk,Medium Risk
73,2023,0.74,0.48,0.88,0.71,0.93,0.82,100,18,0.72,High,0.5814948084496956,0.5592225563909775,Medium Risk,Medium Risk
21,2023,0.55,0.46,0.98,0.86,0.62,0.4,462,16,0.67,Medium,0.5311170784103115,0.5796962406015038,Medium Risk,Medium Risk
68,2024,0.39,0.59,0.74,0.79,0.63,0.18,138,16,0.59,Medium,0.5929197994987468,0.6487390977443609,Medium Risk,Medium Risk
70,2022,0.94,0.47,0.88,0.9,0.87,0.89,245,8,0.8,High,0.42225921947726464,0.4113766917293234,Medium Risk,Medium Risk
37,2023,0.63,0.56,0.87,0.85,0.91,0.08,226,8,0.72,High,0.3609326888650197,0.42476240601503756,Medium Risk,Medium Risk
83,2025,0.48,0.64,0.69,0.92,0.62,0.17,97,12,0.64,Medium,0.5010418904403867,0.5630436090225565,Medium Risk,Medium Risk
40,2021,0.73,0.74,0.86,0.98,0.94,0.95,159,12,0.82,High,0.4023344074471894,0.40312932330827067,Medium Risk,Medium Risk
11,2024,0.51,0.94,0.99,0.94,0.38,0.95,323,10,0.77,High,0.4760042964554243,0.46966015037593983,Medium Risk,Medium Risk
80,2021,0.61,0.43,0.77,0.74,0.63,0.61,488,13,0.62,Medium,0.6342749731471535,0.6492924812030076,Medium Risk,Medium Risk
58,2021,0.6,0.89,0.95,0.65,0.67,0.28,271,6,0.76,High,0.3995685642678124,0.3872218045112782,Medium Risk,Medium Risk
63,2022,0.42,0.59,0.72,0.93,0.95,0.63,236,16,0.65,Medium,0.5414912280701755,0.6090819548872181,Medium Risk,Medium Risk
36,2022,0.8,0.67,0.63,0.68,0.77,0.0,105,4,0.71,High,0.4164017185821696,0.41003834586466165,Medium Risk,Medium Risk
47,2023,0.57,0.69,0.68,0.73,0.97,0.64,475,15,0.69,Medium,0.5597547440028643,0.5592187969924812,Medium Risk,Medium Risk
74,2022,0.76,0.66,0.88,1.0,0.76,0.05,108,0,0.8,High,0.22034013605442174,0.28548571428571423,Low Risk,Low Risk
41,2021,0.68,0.57,0.97,0.94,0.81,0.08,138,0,0.76,High,0.2478911564625851,0.3315857142857143,Low Risk,Medium Risk
25,2021,0.41,0.99,0.58,0.79,0.55,0.64,489,16,0.66,Medium,0.6213551736484068,0.6011962406015037,Medium Risk,Medium Risk
60,2024,0.56,0.8,0.54,0.7,0.8,0.48,227,4,0.66,Medium,0.5154493376297887,0.5197954887218045,Medium Risk,Medium Risk
46,2022,0.67,0.58,0.68,0.63,0.99,0.04,143,1,0.68,Medium,0.4061922663802363,0.44232030075187967,Medium Risk,Medium Risk
65,2021,0.47,0.72,0.74,0.88,0.35,0.19,123,11,0.64,Medium,0.5344754744002864,0.5730661654135337,Medium Risk,Medium Risk
46,2021,0.43,0.43,0.54,1.0,0.85,0.92,357,10,0.58,Medium,0.6206981740064447,0.7071601503759399,Medium Risk,High Risk
84,2024,0.88,0.61,0.71,0.65,0.39,0.62,166,10,0.7,Medium,0.6134532760472611,0.5386744360902256,Medium Risk,Medium Risk
27,2025,0.75,0.41,0.58,0.99,0.35,0.68,130,12,0.63,Medium,0.6350895094880057,0.6474293233082706,Medium Risk,Medium Risk
26,2022,0.46,0.56,0.83,0.76,0.44,0.73,134,8,0.6,Medium,0.6279735051915504,0.657590977443609,Medium Risk,Medium Risk
77,2023,0.43,0.94,0.84,0.85,0.37,0.6,362,16,0.7,Medium,0.564484425349087,0.5556676691729323,Medium Risk,Medium Risk
88,2023,0.55,0.55,0.84,0.87,0.65,0.78,110,1,0.67,Medium,0.481498388829216,0.5369345864661654,Medium Risk,Medium Risk
50,2022,0.53,0.46,0.99,0.71,0.6,0.65,225,13,0.64,Medium,0.6031525241675616,0.6271639097744359,Medium Risk,Medium Risk
47,2024,0.82,0.89,0.56,0.61,0.78,0.3,386,11,0.75,High,0.4983870390261367,0.4227947368421053,Medium Risk,Medium Risk
23,2025,0.71,0.71,0.75,0.73,0.35,0.09,360,12,0.68,Medium,0.5318242033655568,0.5066578947368422,Medium Risk,Medium Risk
76,2021,0.88,0.69,0.77,0.72,0.43,0.09,315,7,0.74,High,0.445828857858933,0.4059992481203008,Medium Risk,Medium Risk
79,2025,0.43,0.79,0.57,0.82,0.67,0.73,123,14,0.63,Medium,0.6303651987110633,0.6396984962406015,Medium Risk,Medium Risk
56,2022,0.45,0.51,0.72,0.93,0.89,0.52,334,0,0.64,Medium,0.4306462585034013,0.5397285714285714,Medium Risk,Medium Risk
100,2025,0.94,0.87,0.73,0.9,0.97,0.77,390,8,0.88,High,0.332327246688149,0.28266240601503767,Medium Risk,Low Risk
23,2024,0.76,0.47,0.77,0.77,0.49,0.6,78,14,0.66,Medium,0.6180862871464375,0.5976984962406016,Medium Risk,Medium Risk
60,2023,0.58,0.54,0.63,0.79,0.56,0.91,191,11,0.61,Medium,0.678455066237021,0.6792375939849623,High Risk,High Risk
16,2021,0.57,0.9,0.83,0.85,0.53,0.82,247,15,0.74,High,0.5395506623702112,0.5098616541353383,Medium Risk,Medium Risk
31,2021,0.71,0.82,0.93,0.66,0.68,0.01,236,17,0.77,High,0.4380236305048334,0.40181654135338346,Medium Risk,Medium Risk
52,2022,0.81,0.45,0.86,0.7,0.91,0.81,169,2,0.72,High,0.46598997493734334,0.4678548872180451,Medium Risk,Medium Risk
61,2024,0.95,0.92,0.85,0.67,0.49,0.21,358,6,0.83,High,0.3691604010025063,0.2850075187969925,Medium Risk,Low Risk
97,2025,0.91,0.97,0.7,0.8,0.98,0.28,343,1,0.87,High,0.23425349087003225,0.19962030075187973,Low Risk,Low Risk
26,2021,0.59,0.6,0.8,0.97,0.89,1.0,297,17,0.72,High,0.5398943788041531,0.5629022556390977,Medium Risk,Medium Risk
62,2024,0.68,0.85,0.89,0.73,0.8,0.66,65,17,0.78,High,0.49179914070891506,0.4454308270676691,Medium Risk,Medium Risk
78,2025,0.73,0.75,0.77,0.86,0.48,0.08,196,14,0.74,High,0.45315431435732195,0.44284135338345865,Medium Risk,Medium Risk
22,2023,0.62,0.7,0.52,0.68,0.88,0.83,330,0,0.65,Medium,0.543469387755102,0.5422285714285714,Medium Risk,Medium Risk
2,2023,0.71,0.99,0.58,0.62,0.85,0.25,399,19,0.75,High,0.5264625850340137,0.44912857142857154,Medium Risk,Medium Risk
3,2023,0.7,0.7,0.93,0.81,0.48,0.68,460,12,0.74,High,0.514001074113856,0.48978646616541355,Medium Risk,Medium Risk
4,2022,0.88,0.42,0.82,0.74,0.5,0.39,60,7,0.69,Medium,0.5172574292875045,0.5024992481203008,Medium Risk,Medium Risk
32,2021,0.87,0.42,0.68,0.82,0.4,0.75,241,3,0.66,Medium,0.5724883637665592,0.557418045112782,Medium Risk,Medium Risk
91,2024,0.8,0.95,0.85,0.87,0.58,0.0,332,16,0.84,High,0.3480218403150734,0.30985338345864666,Medium Risk,Low Risk
44,2021,0.57,0.53,0.91,0.84,0.61,0.94,54,15,0.67,Medium,0.6091765127103473,0.6199902255639097,Medium Risk,Medium Risk
18,2021,0.38,0.99,0.6,0.6,1.0,0.28,217,18,0.67,Medium,0.5613927676333692,0.5493796992481204,Medium Risk,Medium Risk
82,2022,0.71,0.94,0.66,0.87,0.43,0.62,87,8,0.75,High,0.48208915145005377,0.44093383458646623,Medium Risk,Medium Risk
7,2023,0.51,0.93,0.92,0.79,0.33,0.64,125,16,0.72,High,0.5629878267096312,0.5297962406015038,Medium Risk,Medium Risk
64,2023,0.61,0.92,0.78,0.66,0.78,0.51,99,11,0.75,High,0.4833870390261367,0.44709473684210527,Medium Risk,Medium Risk
9,2021,0.58,0.47,0.79,0.62,0.67,0.89,246,13,0.61,Medium,0.6998532044396706,0.6873781954887218,High Risk,High Risk
67,2022,0.74,0.43,0.51,0.78,0.53,0.44,177,4,0.6,Medium,0.5961976369495166,0.6100954887218045,Medium Risk,Medium Risk
61,2021,0.66,0.52,0.66,0.84,0.35,0.15,391,10,0.62,Medium,0.5672287862513427,0.5893172932330828,Medium Risk,Medium Risk
77,2023,0.87,0.51,0.56,0.89,0.41,0.85,265,4,0.68,Medium,0.580109201575367,0.5568097744360901,Medium Risk,Medium Risk
69,2021,0.52,0.8,0.52,0.89,0.89,0.42,382,12,0.68,Medium,0.4946813462226996,0.5243864661654135,Medium Risk,Medium Risk
32,2025,0.53,0.98,0.99,0.81,0.95,0.52,310,12,0.82,High,0.346109917651271,0.35190075187969916,Medium Risk,Medium Risk
1,2023,0.42,0.75,0.78,0.9,0.65,0.27,476,16,0.67,Medium,0.5067633369137129,0.5546248120300752,Medium Risk,Medium Risk
60,2021,0.7,0.84,0.57,0.95,0.71,0.13,284,18,0.75,High,0.45312746151092015,0.44682255639097757,Medium Risk,Medium Risk
90,2024,0.49,0.83,0.55,0.61,0.69,0.69,388,14,0.62,Medium,0.6795148585750089,0.6426127819548872,High Risk,Medium Risk
54,2024,0.64,0.41,0.55,0.73,0.61,0.28,379,15,0.57,Medium,0.6713193698532045,0.6845902255639098,High Risk,High Risk
95,2025,0.4,0.82,0.57,0.86,0.34,0.41,306,7,0.6,Medium,0.5840601503759398,0.6157849624060151,Medium Risk,Medium Risk
32,2025,0.95,0.43,0.71,0.88,0.62,0.81,135,3,0.73,High,0.48745435016111704,0.4746894736842105,Medium Risk,Medium Risk
75,2021,0.87,0.45,0.82,0.97,0.45,0.67,319,15,0.73,High,0.5403669889008235,0.5278187969924812,Medium Risk,Medium Risk
44,2025,0.39,0.88,0.99,0.75,0.61,0.05,238,1,0.71,High,0.33945757250268527,0.4014345864661654,Medium Risk,Medium Risk
42,2021,0.39,0.67,0.91,0.96,0.66,0.57,223,17,0.68,Medium,0.5216970998925886,0.582087969924812,Medium Risk,Medium Risk
70,2022,0.44,0.77,0.54,0.76,0.8,0.66,66,17,0.63,Medium,0.6491120658789832,0.6510022556390977,Medium Risk,Medium Risk
32,2023,0.37,0.83,0.75,0.88,0.47,0.32,299,2,0.65,Medium,0.45224847833870385,0.517312030075188,Medium Risk,Medium Risk
74,2023,0.74,0.85,0.72,0.97,0.74,0.29,221,14,0.8,High,0.3792427497314716,0.3751270676691729,Medium Risk,Medium Risk
40,2023,0.9,0.7,0.84,0.76,0.48,0.95,283,2,0.78,High,0.480139634801289,0.42041203007518796,Medium Risk,Medium Risk
91,2024,0.44,0.49,0.93,0.87,0.43,0.27,73,4,0.61,Medium,0.48711600429645546,0.576324060150376,Medium Risk,Medium Risk
41,2022,0.52,0.47,0.55,0.89,0.9,0.26,404,6,0.61,Medium,0.4946706050841389,0.5829360902255639,Medium Risk,Medium Risk
60,2022,0.6,0.54,0.76,0.7,0.96,0.91,156,17,0.67,Medium,0.6328535624776226,0.6244451127819548,Medium Risk,Medium Risk
17,2022,0.59,0.84,0.73,0.94,0.96,0.34,170,3,0.77,High,0.29963122090941646,0.352418045112782,Low Risk,Medium Risk
25,2024,0.59,0.52,0.94,0.66,0.62,0.61,111,16,0.66,Medium,0.6215252416756175,0.6146676691729325,Medium Risk,Medium Risk
78,2021,0.7,0.66,0.53,0.79,0.87,0.61,356,15,0.69,Medium,0.5779180093089867,0.5592902255639097,Medium Risk,Medium Risk
18,2025,0.31,0.58,0.85,0.92,0.51,0.5,243,9,0.6,Medium,0.551342642320086,0.6425112781954888,Medium Risk,Medium Risk
55,2025,0.76,0.93,0.7,0.72,0.31,0.57,234,5,0.74,High,0.5111994271392767,0.44281578947368416,Medium Risk,Medium Risk
92,2024,0.44,0.61,0.68,0.6,0.89,0.03,90,7,0.6,Medium,0.5207948442534908,0.5728278195488722,Medium Risk,Medium Risk
3,2021,0.67,0.73,0.83,0.75,0.75,0.04,215,10,0.74,High,0.40141245972073036,0.411903007518797,Medium Risk,Medium Risk
90,2021,0.66,0.74,0.75,0.89,0.57,0.94,150,15,0.72,High,0.5768295739348371,0.5496616541353384,Medium Risk,Medium Risk
62,2021,0.65,0.88,0.72,0.8,0.89,0.71,442,11,0.77,High,0.4580128893662728,0.4359804511278196,Medium Risk,Medium Risk
15,2025,0.92,0.75,0.61,0.71,0.86,0.04,292,15,0.78,High,0.4379180093089868,0.38270451127819555,Medium Risk,Medium Risk
25,2024,0.64,0.93,0.71,0.81,0.33,0.0,145,8,0.72,High,0.437735409953455,0.42414812030075183,Medium Risk,Medium Risk
29,2022,0.38,0.47,0.71,0.86,0.8,0.18,453,18,0.58,Medium,0.5874471894020766,0.6722082706766918,Medium Risk,High Risk
81,2024,0.74,0.46,0.81,0.64,0.37,0.73,158,14,0.63,Medium,0.7026100966702469,0.65636992481203,High Risk,Medium Risk
6,2021,0.39,0.71,0.79,0.74,0.63,0.36,315,8,0.63,Medium,0.5334837092731829,0.5796338345864662,Medium Risk,Medium Risk
41,2021,0.4,0.94,0.98,1.0,0.85,0.66,307,3,0.79,High,0.2899033297529538,0.36298947368421053,Low Risk,Medium Risk
19,2022,0.72,0.43,0.95,0.81,0.77,0.83,220,6,0.71,High,0.4856229860365198,0.5092218045112783,Medium Risk,Medium Risk
100,2025,0.48,0.99,0.95,0.65,0.32,0.69,78,18,0.71,High,0.6204744002864303,0.5576654135338346,Medium Risk,Medium Risk
26,2025,0.99,0.78,0.58,0.96,0.66,0.15,426,8,0.82,High,0.33967418546365913,0.3085909774436091,Medium Risk,Low Risk
41,2022,0.49,0.88,0.81,0.9,0.61,0.31,369,9,0.73,High,0.41419978517722883,0.44776842105263154,Medium Risk,Medium Risk
13,2025,0.62,0.88,0.92,0.86,0.46,0.27,51,17,0.77,High,0.45557465091299676,0.43870225563909776,Medium Risk,Medium Risk
41,2022,0.49,0.53,0.73,0.96,0.37,0.72,411,10,0.61,Medium,0.614031507339778,0.6630458646616542,Medium Risk,High Risk
93,2021,0.95,0.74,0.68,0.9,0.48,0.69,460,1,0.79,High,0.4114643752237737,0.3694631578947368,Medium Risk,Medium Risk
78,2024,0.89,0.64,0.76,0.76,0.51,0.8,187,11,0.74,High,0.5594414607948442,0.4937233082706767,Medium Risk,Medium Risk
21,2022,0.65,0.91,0.9,0.76,0.46,0.41,406,19,0.76,High,0.5187755102040816,0.4663571428571428,Medium Risk,Medium Risk
61,2025,0.67,0.88,0.68,0.86,0.47,0.11,496,13,0.73,High,0.4589688506981739,0.44319248120300747,Medium Risk,Medium Risk
3,2022,0.49,0.89,0.77,0.62,0.62,0.94,75,14,0.68,Medium,0.6488005728607232,0.5984127819548873,Medium Risk,Medium Risk
33,2025,0.8,0.42,0.94,0.66,0.39,0.18,81,11,0.67,Medium,0.5503938417472252,0.5354947368421052,Medium Risk,Medium Risk
63,2025,0.84,0.62,0.59,0.86,0.53,0.86,373,19,0.71,High,0.6519047619047619,0.5891714285714287,Medium Risk,Medium Risk
4,2023,0.96,0.49,0.5,0.7,0.87,0.21,392,1,0.7,Medium,0.44364124597207316,0.43062030075187974,Medium Risk,Medium Risk
75,2022,0.8,0.44,0.67,0.71,0.69,0.73,315,14,0.66,Medium,0.6448209810239885,0.6123413533834586,Medium Risk,Medium Risk
42,2025,0.97,0.62,0.89,0.9,0.93,0.45,356,0,0.85,High,0.242312925170068,0.24917142857142854,Low Risk,Low Risk
95,2022,0.46,0.54,0.69,0.69,0.69,0.13,393,2,0.58,Medium,0.5158879341210169,0.5841263157894737,Medium Risk,Medium Risk
52,2022,0.43,0.66,0.79,0.93,0.99,0.39,121,10,0.69,Medium,0.41522198353025414,0.5006601503759398,Medium Risk,Medium Risk
68,2024,0.72,0.52,0.75,0.9,0.84,0.5,65,10,0.72,High,0.45784103114930186,0.4887744360902256,Medium Risk,Medium Risk
42,2021,0.64,0.6,0.87,0.73,0.88,0.59,161,17,0.71,High,0.5388739706408879,0.533987969924812,Medium Risk,Medium Risk
23,2025,0.78,0.99,0.51,0.74,0.38,0.26,426,3,0.73,High,0.4663659147869674,0.4069751879699248,Medium Risk,Medium Risk
51,2022,0.84,0.77,0.99,0.75,0.78,0.06,373,8,0.83,High,0.29317758682420336,0.27749097744360907,Low Risk,Low Risk
93,2023,0.5,0.47,0.85,0.86,0.56,0.95,427,5,0.62,Medium,0.5841926244181883,0.6358157894736842,Medium Risk,Medium Risk
63,2023,0.94,0.59,0.63,0.81,0.88,0.1,97,18,0.76,High,0.45754923021840316,0.4244368421052632,Medium Risk,Medium Risk
52,2023,0.8,0.63,0.7,0.91,0.97,0.13,144,16,0.77,High,0.3917633369137129,0.40456766917293235,Medium Risk,Medium Risk
41,2021,0.56,0.62,0.53,0.87,0.61,0.19,117,17,0.62,Medium,0.5955406373075547,0.6206736842105263,Medium Risk,Medium Risk
26,2023,0.51,0.78,0.64,0.69,0.81,0.04,330,14,0.66,Medium,0.5157053347654851,0.5291413533834587,Medium Risk,Medium Risk
55,2021,0.3,0.53,0.67,1.0,0.67,0.2,494,9,0.57,Medium,0.5126351593268887,0.6395255639097744,Medium Risk,Medium Risk
31,2024,0.39,0.82,0.56,0.69,0.55,0.76,254,15,0.59,Medium,0.7169656283566059,0.7003473684210526,High Risk,High Risk
11,2023,0.59,0.96,0.69,0.87,0.48,0.13,368,1,0.73,High,0.36040995345506627,0.3787203007518798,Medium Risk,Medium Risk
10,2024,0.99,0.96,0.95,0.89,0.56,0.11,260,14,0.92,High,0.2759094163981382,0.2066842105263158,Low Risk,Low Risk
12,2025,0.81,0.92,0.6,0.64,0.93,0.35,276,9,0.78,High,0.43263515932688856,0.37065413533834585,Medium Risk,Medium Risk
59,2023,0.83,0.65,0.5,0.73,0.67,0.32,305,4,0.69,Medium,0.5004493376297887,0.47698120300751873,Medium Risk,Medium Risk
62,2024,0.33,0.4,0.66,0.86,0.81,0.45,448,4,0.54,Medium,0.5598711063372718,0.6807383458646616,Medium Risk,High Risk
3,2025,0.77,0.42,0.7,0.92,0.86,0.72,427,19,0.7,Medium,0.5736054421768707,0.5797142857142857,Medium Risk,Medium Risk
36,2021,1.0,0.46,0.59,0.65,0.53,0.21,175,11,0.68,Medium,0.5793394199785177,0.5183518796992481,Medium Risk,Medium Risk
48,2024,0.52,0.76,0.8,0.79,0.87,0.06,171,13,0.71,High,0.4200912996777658,0.45799248120300745,Medium Risk,Medium Risk
75,2025,0.71,0.71,0.87,0.8,0.6,0.4,402,1,0.74,High,0.3830970282849982,0.3952774436090226,Medium Risk,Medium Risk
45,2021,0.32,0.83,0.91,0.92,0.39,0.9,347,12,0.66,Medium,0.5768242033655566,0.6102007518796991,Medium Risk,Medium Risk
12,2025,0.98,0.82,0.54,0.68,0.84,0.84,404,7,0.79,High,0.49793770139634796,0.40029924812030077,Medium Risk,Medium Risk
54,2022,0.45,0.41,0.74,0.81,0.47,0.12,306,11,0.55,Medium,0.6028768349445041,0.6774233082706766,Medium Risk,High Risk
22,2023,0.54,0.65,0.75,0.79,0.49,0.03,195,2,0.64,Medium,0.44704439670605073,0.5005977443609022,Medium Risk,Medium Risk
87,2023,0.91,0.85,0.93,0.8,0.39,0.7,121,8,0.83,High,0.4301503759398496,0.35337669172932334,Medium Risk,Medium Risk
37,2025,0.88,0.48,0.95,0.95,0.63,0.74,118,13,0.78,High,0.4594110275689223,0.45184962406015045,Medium Risk,Medium Risk
42,2022,0.58,0.57,0.58,0.73,0.73,0.58,353,11,0.62,Medium,0.6251897601145722,0.6340233082706768,Medium Risk,Medium Risk
45,2023,0.32,0.41,0.94,0.62,0.81,0.87,467,11,0.56,Medium,0.6778768349445041,0.7351375939849623,High Risk,High Risk
53,2023,0.88,0.69,0.88,0.93,0.54,0.89,206,5,0.81,High,0.4161994271392767,0.38758721804511287,Medium Risk,Medium Risk
59,2021,1.0,0.91,0.68,0.6,0.74,0.7,397,5,0.83,High,0.4463694951664876,0.33187293233082704,Medium Risk,Medium Risk
41,2024,0.9,0.67,0.53,0.79,0.78,0.61,148,17,0.74,High,0.56812567132116,0.5033165413533834,Medium Risk,Medium Risk
30,2022,0.42,0.54,0.79,0.77,0.66,0.17,420,11,0.6,Medium,0.5464142499104905,0.6136375939849623,Medium Risk,Medium Risk
49,2024,0.77,0.82,0.65,0.79,0.97,0.77,329,18,0.78,High,0.5162567132116004,0.4611654135338346,Medium Risk,Medium Risk
83,2024,0.42,0.44,0.79,0.74,0.49,0.81,374,9,0.55,Medium,0.6920229144289295,0.7348255639097746,High Risk,High Risk
45,2025,0.68,0.67,0.6,0.6,0.47,0.51,87,0,0.63,Medium,0.5820408163265306,0.5572142857142858,Medium Risk,Medium Risk
68,2023,1.0,0.86,0.88,0.98,0.92,0.32,412,15,0.93,High,0.24958467597565342,0.20771879699248125,Low Risk,Low Risk
41,2023,0.56,0.68,0.82,0.96,0.59,0.78,217,18,0.7,Medium,0.5621410669530971,0.5736796992481203,Medium Risk,Medium Risk
5,2025,0.52,0.48,0.6,0.84,0.34,0.86,77,13,0.56,Medium,0.7484926602219836,0.7612781954887219,High Risk,High Risk
3,2024,0.32,0.78,0.71,0.71,0.44,0.65,330,9,0.58,Medium,0.6523970640887935,0.673054135338346,Medium Risk,High Risk
61,2024,0.78,0.74,0.93,0.65,0.85,0.67,393,16,0.79,High,0.49843000358037953,0.4388390977443609,Medium Risk,Medium Risk
55,2025,0.96,0.48,0.82,0.75,0.97,0.33,264,12,0.78,High,0.41617794486215537,0.3951007518796993,Medium Risk,Medium Risk
95,2021,0.67,0.78,0.98,0.64,0.52,0.61,164,5,0.74,High,0.47670963122090937,0.44423007518796986,Medium Risk,Medium Risk
55,2021,0.32,0.43,0.53,0.96,0.8,0.68,327,0,0.53,Medium,0.5610204081632653,0.6914142857142858,Medium Risk,High Risk
47,2025,0.3,0.55,0.96,0.97,0.8,0.77,376,7,0.64,Medium,0.4755907626208378,0.5891706766917294,Medium Risk,Medium Risk
78,2022,0.43,0.89,0.57,0.79,0.96,0.19,293,1,0.68,Medium,0.3831990691013247,0.442706015037594,Medium Risk,Medium Risk
68,2025,0.4,0.41,0.93,0.82,0.73,0.93,295,5,0.6,Medium,0.5727640529896169,0.6538729323308271,Medium Risk,Medium Risk
29,2021,0.72,0.95,0.64,0.67,0.76,0.71,219,6,0.76,High,0.4852828499820981,0.4253932330827068,Medium Risk,Medium Risk
69,2024,0.48,0.97,0.96,0.78,0.89,0.45,111,4,0.78,High,0.3200751879699248,0.34880977443609024,Low Risk,Medium Risk
6,2022,0.64,0.82,0.76,0.76,0.74,0.97,192,2,0.74,High,0.47728249194414607,0.46064060150375935,Medium Risk,Medium Risk
49,2023,0.85,0.72,0.66,0.65,0.92,0.47,125,0,0.76,High,0.40289115646258505,0.37382857142857145,Medium Risk,Medium Risk
24,2024,0.77,0.88,0.83,0.76,0.66,0.8,479,11,0.8,High,0.4761761546723953,0.4142375939849624,Medium Risk,Medium Risk
93,2024,0.98,0.98,0.68,0.63,0.42,0.99,64,9,0.81,High,0.5598800572860724,0.4094255639097744,Medium Risk,Medium Risk
63,2024,0.84,0.9,0.59,0.96,0.76,0.88,412,10,0.82,High,0.4377730039384175,0.38966015037593993,Medium Risk,Medium Risk
7,2025,0.94,0.94,0.72,0.71,0.58,0.39,437,1,0.83,High,0.35904940923737927,0.28520601503759413,Medium Risk,Low Risk
67,2022,0.35,0.81,0.59,0.74,0.34,0.27,132,2,0.57,Medium,0.5761940565699964,0.6170548872180452,Medium Risk,Medium Risk
73,2024,0.46,0.68,0.74,0.95,0.83,0.51,224,2,0.68,Medium,0.40112602935911207,0.48612631578947363,Medium Risk,Medium Risk
83,2024,0.31,0.64,0.95,0.9,0.68,0.53,58,16,0.65,Medium,0.5378517722878626,0.612639097744361,Medium Risk,Medium Risk
65,2023,0.3,0.7,0.88,0.93,0.92,0.49,455,14,0.67,Medium,0.4651611170784103,0.5554556390977443,Medium Risk,Medium Risk
56,2021,0.41,0.62,0.66,0.77,0.7,0.9,121,5,0.6,Medium,0.6175599713569639,0.6584300751879698,Medium Risk,Medium Risk
12,2022,0.37,0.41,0.58,1.0,0.43,0.5,420,17,0.52,Medium,0.7046222699606158,0.7877451127819548,High Risk,High Risk
52,2024,0.72,0.57,0.93,0.71,0.78,0.67,327,0,0.73,High,0.4237074829931973,0.43627142857142864,Medium Risk,Medium Risk
38,2025,0.5,0.89,0.9,0.78,0.72,0.6,300,12,0.74,High,0.4684568564267812,0.46851503759398494,Medium Risk,Medium Risk
96,2025,0.68,0.73,0.75,0.72,0.95,0.59,299,11,0.74,High,0.4782169709989259,0.4636804511278195,Medium Risk,Medium Risk
21,2023,0.84,0.98,0.75,0.64,0.61,0.48,421,15,0.8,High,0.49836018617973504,0.3939473684210527,Medium Risk,Medium Risk
10,2025,0.64,0.98,0.5,0.96,0.95,0.96,215,14,0.78,High,0.487984246330111,0.4613984962406016,Medium Risk,Medium Risk
87,2022,0.87,0.97,0.57,0.8,0.45,0.06,80,9,0.78,High,0.41644468313641253,0.35223984962406013,Medium Risk,Medium Risk
19,2024,0.4,0.64,0.95,1.0,0.99,0.88,450,17,0.72,High,0.47802363050483354,0.5494736842105263,Medium Risk,Medium Risk
28,2023,0.52,0.45,0.61,0.68,0.6,0.66,445,1,0.55,Medium,0.638063014679556,0.6771631578947368,Medium Risk,High Risk
28,2022,0.3,0.63,0.53,0.97,0.59,0.46,282,9,0.56,Medium,0.5930093089867526,0.6854969924812031,Medium Risk,High Risk
86,2021,0.75,0.85,0.95,0.95,0.77,0.21,150,1,0.85,High,0.20333512352309344,0.23433458646616542,Low Risk,Low Risk
60,2022,0.76,0.66,0.94,0.94,0.67,0.69,214,15,0.79,High,0.4472037235947011,0.4389759398496241,Medium Risk,Medium Risk
89,2024,0.52,0.85,0.61,0.76,0.91,0.72,170,16,0.7,Medium,0.57234156820623,0.5573962406015037,Medium Risk,Medium Risk
24,2022,0.5,0.51,0.87,0.7,0.62,0.39,120,13,0.62,Medium,0.594002864303616,0.6252924812030075,Medium Risk,Medium Risk
28,2022,0.36,0.45,0.8,0.84,0.59,0.43,179,18,0.57,Medium,0.6562907268170426,0.7255225563909774,Medium Risk,High Risk
76,2021,0.4,0.46,0.56,0.64,0.73,0.2,383,9,0.52,Medium,0.6566487647690655,0.7166255639097744,Medium Risk,High Risk
67,2024,0.57,0.84,0.71,0.89,0.38,0.81,208,19,0.69,Medium,0.633095238095238,0.5976857142857144,Medium Risk,Medium Risk
26,2023,0.86,0.88,0.56,0.76,0.42,0.25,108,11,0.75,High,0.5053598281417829,0.4324375939849624,Medium Risk,Medium Risk
64,2025,0.54,0.47,0.64,0.91,0.55,0.81,165,12,0.6,Medium,0.652844611528822,0.6894007518796992,Medium Risk,High Risk
29,2023,0.62,0.41,0.56,0.67,0.38,0.34,65,16,0.54,Medium,0.757001432151808,0.7491105263157896,High Risk,High Risk
32,2022,0.8,0.66,0.7,0.65,0.65,0.13,142,18,0.71,High,0.5578213390619405,0.5068796992481203,Medium Risk,Medium Risk
44,2024,0.4,0.73,0.88,0.71,0.45,0.52,83,15,0.63,Medium,0.6239044038668098,0.6325045112781955,Medium Risk,Medium Risk
45,2023,0.33,0.77,0.65,0.63,0.83,0.31,289,2,0.6,Medium,0.5176566416040099,0.5721691729323309,Medium Risk,Medium Risk
39,2025,0.74,0.58,0.98,0.88,0.4,0.42,337,12,0.74,High,0.4743071965628357,0.47592932330827065,Medium Risk,Medium Risk
61,2021,0.71,0.44,0.83,0.6,0.85,0.67,497,12,0.66,Medium,0.6004976727533119,0.5857864661654135,Medium Risk,Medium Risk
30,2025,0.33,0.74,0.93,0.7,0.91,0.02,451,4,0.67,Medium,0.3770819906910132,0.4648240601503759,Medium Risk,Medium Risk
19,2022,0.76,0.66,0.52,0.97,0.63,0.03,314,11,0.71,High,0.44029180093089865,0.461409022556391,Medium Risk,Medium Risk
78,2025,0.35,0.74,0.81,0.8,0.87,0.86,423,13,0.66,Medium,0.5674042248478338,0.605963909774436,Medium Risk,Medium Risk
75,2025,0.59,0.74,0.82,0.74,0.94,0.13,224,17,0.73,High,0.448499820981024,0.45984511278195495,Medium Risk,Medium Risk
5,2023,0.69,0.49,0.9,0.97,0.42,0.82,158,9,0.7,Medium,0.5271589688506981,0.5505827067669173,Medium Risk,Medium Risk
89,2021,0.94,0.73,0.68,0.6,0.34,0.43,309,3,0.72,High,0.5294951664876477,0.4433466165413534,Medium Risk,Medium Risk
94,2022,0.42,0.91,0.65,0.84,0.65,0.05,210,11,0.67,Medium,0.45821697099892583,0.49610902255639094,Medium Risk,Medium Risk
57,2022,0.94,0.87,0.88,0.84,0.74,0.64,185,11,0.88,High,0.36182241317579666,0.29459473684210535,Medium Risk,Low Risk
41,2022,0.6,0.52,0.51,0.92,0.31,0.83,386,11,0.58,Medium,0.7065843179377013,0.7150090225563909,High Risk,High Risk
13,2023,0.38,0.92,0.92,0.86,0.65,0.72,299,13,0.72,High,0.4904654493376297,0.511363909774436,Medium Risk,Medium Risk
6,2021,0.39,0.99,0.7,0.69,0.42,0.67,433,17,0.65,Medium,0.6652005012531328,0.6264022556390978,High Risk,Medium Risk
52,2025,0.78,0.62,0.88,0.99,0.38,0.31,392,7,0.75,High,0.3966791979949874,0.4163278195488722,Medium Risk,Medium Risk
45,2023,0.85,0.96,0.62,0.83,0.49,0.82,329,1,0.79,High,0.43816505549588264,0.37206315789473693,Medium Risk,Medium Risk
7,2025,0.91,0.42,0.78,0.69,0.54,0.78,64,8,0.69,Medium,0.5954905119942714,0.5493052631578947,Medium Risk,Medium Risk
53,2021,0.84,0.88,0.77,0.67,0.6,0.55,117,14,0.79,High,0.5102631578947369,0.42105563909774435,Medium Risk,Medium Risk
65,2025,0.6,0.73,0.66,0.89,0.75,0.33,412,8,0.7,Medium,0.44066058002148223,0.47357669172932326,Medium Risk,Medium Risk
89,2022,0.69,0.41,0.85,0.75,0.96,0.82,322,2,0.69,Medium,0.47622807017543856,0.5138834586466166,Medium Risk,Medium Risk
1,2025,0.44,0.6,0.74,0.72,0.66,0.17,322,7,0.6,Medium,0.5301145721446473,0.5868706766917293,Medium Risk,Medium Risk
13,2024,0.95,0.95,0.76,0.89,0.61,0.63,66,15,0.87,High,0.41233977801646976,0.3244187969924812,Medium Risk,Low Risk
20,2021,0.65,0.75,0.64,0.75,0.36,0.05,318,13,0.66,Medium,0.5585947010383101,0.5400924812030076,Medium Risk,Medium Risk
27,2023,0.73,0.76,0.65,0.87,0.86,0.11,117,19,0.76,High,0.4458163265306122,0.43814285714285717,Medium Risk,Medium Risk
83,2022,0.91,0.7,0.9,0.75,0.39,0.04,485,18,0.78,High,0.4731954887218045,0.41030827067669173,Medium Risk,Medium Risk
9,2025,0.62,0.83,0.55,0.94,0.82,0.21,273,7,0.73,High,0.38739348370927323,0.42119924812030085,Medium Risk,Medium Risk
21,2022,0.48,0.67,0.52,0.76,0.7,0.95,83,7,0.6,Medium,0.6571213748657357,0.6678563909774435,Medium Risk,High Risk
10,2023,0.33,0.59,0.79,0.98,0.9,0.23,111,13,0.64,Medium,0.45250626566416036,0.5676639097744361,Medium Risk,Medium Risk
87,2023,0.95,0.91,0.89,0.76,0.65,0.46,243,12,0.87,High,0.37614393125671314,0.2915436090225564,Medium Risk,Low Risk
47,2023,0.39,0.93,0.88,0.77,0.66,0.37,339,15,0.71,High,0.4926118868600072,0.5063616541353383,Medium Risk,Medium Risk
12,2021,0.44,0.6,0.73,0.73,0.83,0.33,438,12,0.62,Medium,0.5551575366988901,0.6030721804511279,Medium Risk,Medium Risk
5,2024,0.46,0.77,0.72,0.63,0.64,0.7,160,19,0.63,Medium,0.6934353741496598,0.6621571428571428,High Risk,High Risk
60,2021,0.36,0.96,0.69,0.83,0.85,0.32,347,5,0.7,Medium,0.403342284282134,0.4573443609022557,Medium Risk,Medium Risk
80,2022,0.95,0.88,0.72,0.8,0.49,0.7,317,6,0.82,High,0.4393984962406015,0.35580751879699246,Medium Risk,Medium Risk
47,2023,0.33,0.77,0.78,0.76,0.75,0.55,352,1,0.64,Medium,0.47717866093805944,0.5436774436090226,Medium Risk,Medium Risk
94,2021,0.92,0.98,0.95,0.89,0.71,0.69,104,19,0.92,High,0.37527210884353746,0.2874285714285715,Medium Risk,Low Risk
81,2021,0.67,0.81,0.84,0.7,0.71,0.8,232,17,0.75,High,0.5667311134980307,0.5104308270676692,Medium Risk,Medium Risk
48,2025,0.55,0.96,0.77,0.84,0.32,0.17,151,2,0.72,High,0.4023165055495882,0.41375488721804504,Medium Risk,Medium Risk
95,2021,0.34,0.9,0.89,0.67,0.74,0.82,117,12,0.68,Medium,0.568218761188686,0.5701864661654136,Medium Risk,Medium Risk
75,2025,0.95,0.76,0.83,0.76,0.94,0.64,324,13,0.85,High,0.4030504833512353,0.3373353383458647,Medium Risk,Medium Risk
40,2021,0.97,0.89,0.93,0.67,0.49,0.29,184,13,0.85,High,0.41342463301109916,0.3118353383458647,Medium Risk,Low Risk
5,2024,0.84,0.77,0.8,0.82,0.71,0.93,446,15,0.8,High,0.5136663086287147,0.44773308270676704,Medium Risk,Medium Risk
3,2021,0.43,0.5,0.59,0.87,0.62,0.99,62,4,0.56,Medium,0.648000358037952,0.7072240601503759,Medium Risk,High Risk
41,2025,0.99,0.9,0.73,0.82,0.89,0.48,183,11,0.88,High,0.3410060866451844,0.26823759398496244,Medium Risk,Low Risk
62,2024,0.41,0.7,0.71,0.95,0.39,0.88,255,2,0.62,Medium,0.5577926960257786,0.6123548872180452,Medium Risk,Medium Risk
67,2023,0.56,0.54,0.78,0.92,0.3,0.63,161,5,0.63,Medium,0.5611994271392767,0.6032300751879699,Medium Risk,Medium Risk
24,2023,0.94,0.91,0.56,0.64,0.71,0.53,361,3,0.79,High,0.4454135338345865,0.3554037593984963,Medium Risk,Medium Risk
54,2023,0.95,0.64,0.95,0.75,0.82,0.48,52,19,0.83,High,0.44765306122448983,0.38457142857142856,Medium Risk,Medium Risk
28,2023,0.81,0.62,0.51,0.64,0.65,0.69,289,17,0.66,Medium,0.695642678123881,0.6191593984962405,High Risk,Medium Risk
13,2023,0.66,0.48,0.62,0.78,0.43,0.27,63,7,0.6,Medium,0.5878696741854637,0.6093563909774435,Medium Risk,Medium Risk
60,2024,0.8,0.93,0.61,0.92,0.83,0.36,76,7,0.82,High,0.3362370211242391,0.3185992481203007,Medium Risk,Low Risk
87,2025,0.65,0.81,0.82,0.92,0.33,0.3,182,4,0.73,High,0.4063336913712852,0.4206383458646616,Medium Risk,Medium Risk
64,2022,0.5,0.59,0.76,0.87,0.57,0.72,154,3,0.64,Medium,0.5278284998209811,0.580118045112782,Medium Risk,Medium Risk
100,2021,0.32,0.45,0.71,0.98,0.81,0.09,59,8,0.58,Medium,0.47151092015753665,0.6151481203007518,Medium Risk,Medium Risk
36,2025,0.73,0.89,0.7,0.69,0.66,0.55,466,15,0.75,High,0.5384622269960616,0.4700187969924812,Medium Risk,Medium Risk
79,2021,0.74,0.41,0.77,0.64,0.32,0.79,198,7,0.61,Medium,0.6920873612602936,0.6612849624060152,High Risk,High Risk
62,2022,0.65,0.93,0.7,0.71,0.54,0.71,50,9,0.73,High,0.5403562477622629,0.4861541353383459,Medium Risk,Medium Risk
52,2025,0.65,0.87,0.97,0.74,0.47,0.62,321,1,0.76,High,0.4080630146795561,0.39084887218045117,Medium Risk,Medium Risk
5,2022,0.62,0.44,0.99,0.94,0.42,0.9,256,14,0.68,Medium,0.5873720014321518,0.6119984962406015,Medium Risk,Medium Risk
47,2021,0.61,0.83,0.69,0.68,0.74,0.98,435,5,0.7,Medium,0.5535803795202291,0.5197015037593985,Medium Risk,Medium Risk
43,2024,0.79,0.93,0.74,0.75,0.48,0.6,178,15,0.78,High,0.5277139276763336,0.44376165413533836,Medium Risk,Medium Risk
51,2023,0.54,0.93,0.6,0.63,0.85,0.84,413,7,0.69,Medium,0.5602166129609738,0.5243421052631579,Medium Risk,Medium Risk
49,2022,0.66,0.9,0.71,0.68,0.5,0.51,416,1,0.72,High,0.4727568922305764,0.4403774436090226,Medium Risk,Medium Risk
14,2025,0.85,0.75,0.89,0.68,0.34,0.87,57,14,0.76,High,0.600093089867526,0.5023556390977444,Medium Risk,Medium Risk
26,2024,0.79,0.65,0.94,0.72,0.31,0.3,216,0,0.73,High,0.42700680272108843,0.41352857142857147,Medium Risk,Medium Risk
71,2022,0.33,0.93,0.91,0.87,0.54,0.07,303,4,0.7,Medium,0.35949695667740783,0.43266691729323314,Medium Risk,Medium Risk
95,2021,0.81,0.63,0.5,0.6,0.62,0.49,225,18,0.65,Medium,0.6954744002864305,0.6162368421052632,High Risk,Medium Risk
42,2023,0.51,0.74,0.65,0.67,0.59,0.23,454,3,0.63,Medium,0.5188489079842463,0.540218045112782,Medium Risk,Medium Risk
53,2024,0.41,0.8,0.88,0.64,0.63,0.07,52,1,0.66,Medium,0.42391335481561043,0.4711774436090226,Medium Risk,Medium Risk
16,2025,0.31,0.53,0.81,0.75,0.99,0.03,365,15,0.6,Medium,0.5154010025062655,0.6135616541353384,Medium Risk,Medium Risk
58,2024,0.88,0.89,0.59,0.88,0.5,0.3,478,4,0.79,High,0.38565341926244173,0.3450097744360902,Medium Risk,Medium Risk
84,2024,0.3,0.83,0.59,0.64,0.47,0.38,389,12,0.56,Medium,0.6817221625492303,0.6925436090225564,High Risk,High Risk
47,2024,0.98,0.83,0.66,0.73,0.61,0.63,199,15,0.8,High,0.5205030433225922,0.4128473684210527,Medium Risk,Medium Risk
91,2024,0.35,0.8,0.91,0.72,0.99,0.08,454,3,0.69,Medium,0.34201217329036876,0.4254751879699248,Medium Risk,Medium Risk
65,2024,0.64,0.89,0.98,0.97,0.94,0.51,72,15,0.85,High,0.31397243107769424,0.32793308270676697,Low Risk,Low Risk
22,2025,0.78,0.93,0.6,0.97,0.87,0.98,100,0,0.82,High,0.3530952380952381,0.33778571428571436,Medium Risk,Medium Risk
9,2022,0.37,0.47,0.65,0.85,0.86,0.9,392,14,0.57,Medium,0.6707393483709273,0.7351842105263158,High Risk,High Risk
81,2024,0.37,0.62,0.75,0.62,0.54,0.18,303,4,0.56,Medium,0.5758575008950949,0.6283383458646616,Medium Risk,Medium Risk
49,2022,0.35,0.68,0.81,0.64,0.97,0.98,258,4,0.63,Medium,0.5678983172216254,0.6078812030075188,Medium Risk,Medium Risk
38,2022,0.33,0.75,0.53,0.98,0.4,0.3,258,16,0.58,Medium,0.6232939491586107,0.6806248120300753,Medium Risk,High Risk
61,2023,0.47,0.79,0.64,0.69,0.48,0.49,96,6,0.62,Medium,0.59296992481203,0.5958218045112782,Medium Risk,Medium Risk
64,2023,0.5,0.62,0.73,0.99,0.42,0.36,339,19,0.64,Medium,0.5858843537414966,0.6252,Medium Risk,Medium Risk
29,2023,0.46,0.41,0.8,0.87,0.72,0.07,270,18,0.6,Medium,0.5567329036877908,0.6385225563909774,Medium Risk,Medium Risk
36,2024,0.63,0.6,0.55,0.66,0.32,0.47,345,18,0.58,Medium,0.7620050125313282,0.7163082706766917,High Risk,High Risk
47,2021,0.96,0.84,0.82,0.86,0.88,0.11,143,9,0.88,High,0.2555603293949159,0.22345413533834593,Low Risk,Low Risk
5,2022,0.71,0.9,0.54,0.88,0.67,0.38,285,0,0.75,High,0.37891156462585024,0.3803142857142857,Medium Risk,Medium Risk
26,2022,0.89,0.69,0.66,0.95,0.41,0.21,221,15,0.76,High,0.4744486215538847,0.44199022556390977,Medium Risk,Medium Risk
22,2022,0.8,0.85,0.53,0.69,0.49,0.55,346,10,0.71,High,0.5793716433941997,0.5016172932330827,Medium Risk,Medium Risk
85,2025,0.96,0.88,0.59,0.76,0.55,0.79,123,1,0.8,High,0.45180451127819554,0.36700601503759406,Medium Risk,Medium Risk
40,2022,0.58,0.56,0.69,0.8,0.54,0.24,190,11,0.63,Medium,0.5613462226996062,0.5907804511278195,Medium Risk,Medium Risk
9,2024,0.84,0.5,0.52,0.86,0.84,0.81,100,19,0.69,Medium,0.6300680272108844,0.5956571428571429,Medium Risk,Medium Risk
39,2022,0.9,0.68,0.7,0.78,0.98,0.85,406,5,0.8,High,0.4239885427855352,0.38703007518796995,Medium Risk,Medium Risk
26,2021,0.95,0.65,0.64,0.79,0.94,0.39,465,2,0.79,High,0.354391335481561,0.3363406015037594,Medium Risk,Medium Risk
19,2021,0.33,0.63,0.58,0.88,0.37,0.66,136,9,0.54,Medium,0.6782133906194057,0.733496992481203,High Risk,High Risk
67,2025,0.96,0.41,0.72,0.61,0.64,0.5,251,1,0.69,Medium,0.5203419262441819,0.48456315789473686,Medium Risk,Medium Risk
44,2022,0.77,0.87,0.77,0.84,0.44,0.29,441,11,0.77,High,0.43916935195130685,0.400909022556391,Medium Risk,Medium Risk
48,2022,0.79,0.95,0.69,0.96,0.94,0.93,55,8,0.85,High,0.36287146437522383,0.3316338345864663,Medium Risk,Medium Risk
74,2024,0.48,0.42,0.65,0.9,0.33,0.22,365,18,0.55,Medium,0.6834335839598998,0.736593984962406,High Risk,High Risk
83,2025,0.78,0.79,0.71,0.77,0.4,0.51,332,6,0.73,High,0.5003168635875402,0.4566218045112781,Medium Risk,Medium Risk
20,2022,0.53,0.83,0.54,0.97,0.31,0.96,273,13,0.65,Medium,0.6542409595417115,0.6392353383458647,Medium Risk,Medium Risk
47,2023,0.31,0.56,0.55,0.86,0.52,0.77,459,2,0.52,Medium,0.6471464375223774,0.7280977443609022,Medium Risk,High Risk
51,2024,0.82,0.72,0.9,0.91,0.45,0.72,444,13,0.79,High,0.4769620479770856,0.43827819548872177,Medium Risk,Medium Risk
86,2024,0.62,0.61,0.78,0.68,0.9,0.26,153,12,0.69,Medium,0.49532760472610093,0.5091436090225564,Medium Risk,Medium Risk
50,2025,0.31,0.84,0.54,0.85,0.86,0.13,379,17,0.62,Medium,0.5388739706408879,0.5962165413533835,Medium Risk,Medium Risk
5,2025,0.98,0.89,0.6,0.67,0.39,0.14,52,11,0.78,High,0.48961152882205516,0.3839661654135339,Medium Risk,Medium Risk
64,2025,0.82,0.76,0.84,0.61,0.52,0.64,121,5,0.75,High,0.5058592910848551,0.43877293233082715,Medium Risk,Medium Risk
68,2024,0.9,0.81,0.63,0.88,0.85,0.31,254,8,0.82,High,0.349266022198353,0.32194812030075187,Medium Risk,Low Risk
71,2024,0.54,0.46,0.75,0.91,0.46,0.27,367,0,0.61,Medium,0.4747959183673469,0.5612857142857143,Medium Risk,Medium Risk
17,2021,0.7,0.96,0.57,0.99,0.96,0.88,316,7,0.81,High,0.3836860007160759,0.37464210526315794,Medium Risk,Medium Risk
55,2025,0.99,0.51,0.88,0.74,0.42,0.42,196,6,0.75,High,0.46933046902971715,0.423278947368421,Medium Risk,Medium Risk
31,2022,0.68,1.0,0.7,0.85,0.56,0.39,363,19,0.78,High,0.4929591836734694,0.4395714285714286,Medium Risk,Medium Risk
92,2022,0.84,0.45,0.61,0.8,0.31,0.25,350,1,0.64,Medium,0.5305119942713928,0.534306015037594,Medium Risk,Medium Risk
32,2025,0.64,0.83,0.93,0.97,0.53,0.14,370,13,0.78,High,0.35832259219477264,0.3788353383458647,Medium Risk,Medium Risk
73,2024,0.63,0.58,0.71,0.72,0.48,0.59,92,3,0.63,Medium,0.5713319011815253,0.5776180451127819,Medium Risk,Medium Risk
14,2022,0.48,0.87,0.98,0.88,0.72,0.46,309,9,0.76,High,0.3761725742928751,0.41263984962406014,Medium Risk,Medium Risk
100,2025,0.83,0.81,0.6,0.8,0.85,0.48,221,15,0.78,High,0.4776118868600072,0.4265902255639098,Medium Risk,Medium Risk
65,2022,0.59,0.94,0.58,1.0,0.38,0.01,370,15,0.72,High,0.45870032223415674,0.46571879699248125,Medium Risk,Medium Risk
86,2023,0.85,0.65,0.91,0.87,0.85,0.82,410,18,0.82,High,0.4691818832796276,0.4300654135338347,Medium Risk,Medium Risk
57,2022,0.33,0.94,0.76,0.89,0.89,0.95,198,13,0.71,High,0.5147851772287863,0.5445353383458648,Medium Risk,Medium Risk
2,2025,0.41,0.64,0.68,0.82,0.77,0.98,152,8,0.62,Medium,0.6089258861439312,0.6490195488721804,Medium Risk,Medium Risk
37,2025,0.44,0.95,0.59,0.71,0.66,0.26,337,1,0.66,Medium,0.4609541711421411,0.4827917293233084,Medium Risk,Medium Risk
77,2021,0.59,0.87,0.87,0.83,0.88,0.56,263,4,0.78,High,0.34704797708557106,0.36735263157894743,Medium Risk,Medium Risk
48,2023,0.77,0.93,0.9,0.67,0.51,0.72,383,17,0.8,High,0.5407107053347654,0.443687969924812,Medium Risk,Medium Risk
27,2024,0.82,0.88,0.98,0.83,0.45,0.86,213,8,0.83,High,0.4269871106337272,0.36516240601503763,Medium Risk,Medium Risk
47,2023,0.59,0.96,0.67,0.99,0.94,0.63,367,19,0.79,High,0.436156462585034,0.43237142857142863,Medium Risk,Medium Risk
96,2021,0.39,0.85,0.74,0.66,0.48,0.95,301,14,0.62,Medium,0.7030182599355531,0.6737842105263158,High Risk,High Risk
48,2025,0.91,0.76,0.81,0.81,0.36,0.45,160,0,0.78,High,0.39255102040816325,0.3516857142857142,Medium Risk,Medium Risk
41,2024,0.88,0.46,0.61,0.6,0.51,0.11,79,12,0.64,Medium,0.6132867883995703,0.5678436090225564,Medium Risk,Medium Risk
80,2025,0.77,0.52,0.54,0.93,0.36,0.09,361,3,0.64,Medium,0.48367883995703537,0.5156751879699248,Medium Risk,Medium Risk
54,2022,0.66,0.66,0.76,0.87,0.57,0.25,141,19,0.7,Medium,0.5316666666666666,0.5311142857142858,Medium Risk,Medium Risk
75,2022,0.81,0.88,0.9,0.99,0.85,0.77,379,1,0.88,High,0.2476208378088077,0.2491203007518797,Low Risk,Low Risk
24,2024,0.7,0.83,0.55,0.9,0.4,0.07,476,1,0.7,Medium,0.4059541711421411,0.4187631578947369,Medium Risk,Medium Risk
15,2021,0.61,0.51,0.74,0.93,0.97,0.63,329,19,0.7,Medium,0.5345238095238095,0.5712428571428572,Medium Risk,Medium Risk
39,2024,0.61,0.97,0.8,0.69,0.64,0.68,497,13,0.75,High,0.5229484425349088,0.46792105263157896,Medium Risk,Medium Risk
35,2021,0.63,0.89,0.56,0.94,0.93,0.95,238,7,0.76,High,0.4514751163623344,0.4504563909774436,Medium Risk,Medium Risk
39,2024,0.43,0.95,0.88,0.97,0.52,0.94,132,11,0.74,High,0.4881829573934838,0.5018804511278195,Medium Risk,Medium Risk
68,2021,0.92,0.84,0.96,0.73,0.65,0.01,295,5,0.85,High,0.2727300393841748,0.23357293233082713,Low Risk,Low Risk
21,2022,0.42,0.42,0.95,0.6,0.82,0.15,410,12,0.59,Medium,0.5619942713927676,0.626157894736842,Medium Risk,Medium Risk
87,2024,0.76,0.8,0.5,0.99,0.91,0.9,331,18,0.77,High,0.5253043322592194,0.49345112781954886,Medium Risk,Medium Risk
69,2021,0.84,0.92,0.76,1.0,0.31,0.3,400,7,0.82,High,0.3565771571786609,0.3273849624060151,Medium Risk,Low Risk
43,2023,0.38,0.62,0.51,0.86,0.92,0.88,228,4,0.59,Medium,0.5791228070175439,0.649166917293233,Medium Risk,Medium Risk
55,2025,0.66,0.48,0.67,0.68,0.87,0.91,438,17,0.64,Medium,0.6861188686000715,0.6638451127819549,High Risk,High Risk
55,2025,0.73,0.82,0.73,0.7,0.91,0.74,352,18,0.77,High,0.5416648764769065,0.48022255639097744,Medium Risk,Medium Risk
45,2025,0.43,0.45,0.67,0.65,0.67,0.63,312,2,0.54,Medium,0.6389491586108128,0.6935406015037593,Medium Risk,High Risk
47,2021,0.94,0.41,0.67,0.89,0.84,0.42,439,13,0.74,High,0.4766899391335482,0.4730067669172932,Medium Risk,Medium Risk
81,2022,0.34,0.46,0.83,0.72,0.54,0.49,332,13,0.55,Medium,0.6734586466165414,0.7334781954887218,High Risk,High Risk
52,2021,0.59,0.56,0.65,0.71,0.67,0.61,377,12,0.62,Medium,0.6367221625492301,0.6371578947368421,Medium Risk,Medium Risk
23,2021,0.45,0.69,0.67,0.82,0.77,0.63,95,16,0.64,Medium,0.6018653777300393,0.6257962406015039,Medium Risk,Medium Risk
45,2023,0.5,0.41,0.81,0.7,0.77,0.75,492,7,0.6,Medium,0.6106587898317221,0.656742105263158,Medium Risk,Medium Risk
92,2023,0.99,0.81,0.82,0.61,0.9,0.15,243,13,0.84,High,0.37757429287504474,0.2942924812030075,Medium Risk,Low Risk
56,2021,0.78,1.0,0.62,0.85,0.62,0.04,309,19,0.8,High,0.4331632653061224,0.3773714285714286,Medium Risk,Medium Risk
46,2022,0.5,0.95,0.93,0.75,0.35,0.89,227,19,0.72,High,0.6258843537414965,0.5697,Medium Risk,Medium Risk
68,2025,0.92,0.54,0.64,0.62,0.86,0.42,301,15,0.72,High,0.5657751521661296,0.5044045112781955,Medium Risk,Medium Risk
35,2021,0.39,0.67,0.91,0.93,0.59,0.52,297,16,0.66,Medium,0.5320354457572501,0.5888248120300753,Medium Risk,Medium Risk
52,2021,0.61,0.92,0.73,0.61,0.46,0.48,143,14,0.7,Medium,0.5991066953097028,0.5331699248120301,Medium Risk,Medium Risk
51,2025,0.68,0.81,0.73,0.78,0.61,0.41,413,16,0.73,High,0.5247225205871822,0.4906248120300751,Medium Risk,Medium Risk
7,2024,0.4,0.46,0.51,0.77,0.43,0.02,114,3,0.5,Medium,0.6149033297529537,0.7011894736842105,Medium Risk,High Risk
8,2024,0.46,0.96,0.86,0.91,0.44,0.23,484,10,0.73,High,0.4142015753669889,0.4403172932330827,Medium Risk,Medium Risk
99,2024,0.9,0.66,0.98,0.89,0.75,0.73,302,19,0.84,High,0.4445238095238095,0.3970571428571429,Medium Risk,Medium Risk
23,2021,0.53,0.47,0.79,0.96,0.85,0.62,278,19,0.66,Medium,0.5584353741496598,0.6149571428571429,Medium Risk,Medium Risk
33,2025,0.36,0.81,0.86,0.99,0.48,0.02,334,1,0.68,Medium,0.3359201575366989,0.4407345864661655,Medium Risk,Medium Risk
50,2025,0.59,0.63,0.69,0.84,0.75,0.45,493,12,0.67,Medium,0.5230146795560329,0.5476864661654135,Medium Risk,Medium Risk
44,2023,0.54,0.65,0.51,0.75,0.49,0.51,156,3,0.59,Medium,0.6059917651271034,0.6242609022556391,Medium Risk,Medium Risk
19,2021,0.98,0.5,0.89,0.99,0.31,0.7,329,11,0.78,High,0.48165234514858574,0.44963759398496245,Medium Risk,Medium Risk
98,2024,0.77,0.54,0.95,0.67,0.45,0.27,62,6,0.7,Medium,0.4845345506623702,0.47372180451127816,Medium Risk,Medium Risk
16,2021,0.8,0.96,0.54,0.98,0.94,0.05,445,9,0.83,High,0.27596849266022194,0.27653984962406014,Low Risk,Low Risk
83,2025,0.8,0.7,0.52,0.83,0.33,0.6,397,15,0.68,Medium,0.6453329752953813,0.585175939849624,Medium Risk,Medium Risk
58,2021,0.82,0.8,1.0,0.89,0.41,0.96,255,10,0.82,High,0.45637844611528816,0.4027744360902255,Medium Risk,Medium Risk
31,2023,0.52,0.81,0.74,0.99,0.91,0.36,455,5,0.75,High,0.3284443250984604,0.3977015037593985,Low Risk,Medium Risk
7,2023,0.87,0.48,1.0,0.7,0.81,0.91,477,12,0.77,High,0.5164840673111349,0.4761578947368421,Medium Risk,Medium Risk
90,2024,0.98,0.57,0.98,0.62,0.8,0.53,275,7,0.81,High,0.4170533476548514,0.3606849624060151,Medium Risk,Medium Risk
33,2025,0.69,0.55,0.98,0.61,0.44,0.24,395,0,0.68,Medium,0.4639795918367347,0.4722714285714286,Medium Risk,Medium Risk
32,2021,0.64,0.92,0.86,0.83,0.36,0.69,160,11,0.75,High,0.5051217329036878,0.46472330827067676,Medium Risk,Medium Risk
25,2022,1.0,0.87,0.64,0.76,0.82,0.97,106,3,0.84,High,0.41738632295023276,0.32817518796992484,Medium Risk,Low Risk
64,2021,0.6,0.69,0.96,0.81,0.64,0.58,104,19,0.73,High,0.5339115646258503,0.5257571428571428,Medium Risk,Medium Risk
78,2021,0.6,0.44,0.89,0.75,0.37,0.63,463,18,0.62,Medium,0.6895900465449337,0.6856225563909774,High Risk,High Risk
35,2021,0.3,0.63,0.91,0.75,0.72,0.61,141,0,0.61,Medium,0.4902380952380953,0.5779000000000001,Medium Risk,Medium Risk
6,2021,0.43,0.48,0.8,0.85,0.34,0.24,164,11,0.57,Medium,0.6025366988900824,0.6694661654135339,Medium Risk,High Risk
2,2021,0.9,0.79,0.72,0.74,0.31,0.83,390,11,0.75,High,0.5853598281417831,0.48619473684210524,Medium Risk,Medium Risk
96,2025,0.65,0.89,0.74,0.98,0.89,0.33,298,7,0.8,High,0.3012710347296813,0.33222781954887215,Low Risk,Medium Risk
24,2021,0.98,0.77,0.7,0.86,0.58,0.82,173,10,0.81,High,0.4726029359112066,0.3948458646616542,Medium Risk,Medium Risk
82,2021,0.86,0.87,0.62,0.72,0.96,0.83,435,14,0.8,High,0.500093089867526,0.4172699248120301,Medium Risk,Medium Risk
36,2023,0.68,0.56,0.74,0.9,0.44,0.29,270,19,0.67,Medium,0.5786394557823129,0.5820285714285713,Medium Risk,Medium Risk
59,2023,0.89,0.63,0.65,0.96,1.0,0.67,206,1,0.8,High,0.32806301467955606,0.34319172932330827,Low Risk,Medium Risk
86,2023,0.65,0.67,0.67,0.88,0.83,0.85,403,7,0.71,High,0.4958968850698174,0.5088563909774435,Medium Risk,Medium Risk
94,2023,0.48,0.77,0.97,0.62,0.3,0.6,484,12,0.65,Medium,0.6239670605084139,0.5980293233082707,Medium Risk,Medium Risk
39,2021,0.53,0.57,0.63,0.66,0.71,0.17,240,12,0.6,Medium,0.5991371285356247,0.6217150375939849,Medium Risk,Medium Risk
37,2025,0.98,0.95,0.58,0.75,0.6,0.36,376,18,0.82,High,0.493671679197995,0.3780082706766918,Medium Risk,Medium Risk
34,2022,0.74,0.9,0.84,0.68,0.62,0.91,423,18,0.78,High,0.5797601145721447,0.48633684210526323,Medium Risk,Medium Risk
27,2024,0.81,0.85,0.63,0.77,0.36,0.61,425,7,0.73,High,0.5327336197636948,0.46639924812030076,Medium Risk,Medium Risk
42,2024,0.74,0.59,0.62,0.6,0.46,0.14,303,14,0.63,Medium,0.637576083064805,0.595127067669173,Medium Risk,Medium Risk
98,2025,0.62,0.76,0.89,0.69,0.35,0.53,416,8,0.69,Medium,0.5453544575725027,0.5184195488721804,Medium Risk,Medium Risk
88,2025,0.62,0.71,0.86,0.71,0.39,0.56,112,12,0.68,Medium,0.5848854278553527,0.5574864661654135,Medium Risk,Medium Risk
73,2021,0.65,0.77,0.77,0.9,0.79,0.53,183,5,0.76,High,0.3837844611528822,0.40761578947368426,Medium Risk,Medium Risk
68,2023,0.39,0.9,0.93,0.78,0.8,0.87,87,5,0.73,High,0.44956677407805223,0.4772300751879699,Medium Risk,Medium Risk
15,2022,0.34,0.76,0.71,0.73,0.36,0.56,470,5,0.58,Medium,0.6193286788399571,0.6508586466165414,Medium Risk,Medium Risk
12,2023,0.35,0.5,0.66,0.73,0.76,0.62,442,18,0.55,Medium,0.7181614751163623,0.7625654135338346,High Risk,High Risk
55,2024,0.63,0.48,0.82,0.63,0.56,0.71,338,17,0.62,Medium,0.7019351951306838,0.675130827067669,High Risk,High Risk
20,2023,0.43,0.96,0.76,1.0,0.67,0.54,254,15,0.74,High,0.4516935195130684,0.4810616541353383,Medium Risk,Medium Risk
32,2022,0.54,0.68,0.6,0.69,0.49,0.45,269,13,0.6,Medium,0.6611797350519156,0.6489924812030075,High Risk,Medium Risk
48,2024,0.43,0.63,0.95,0.6,0.77,0.48,349,16,0.64,Medium,0.5973755818116719,0.6107105263157896,Medium Risk,Medium Risk
38,2023,0.86,0.48,0.89,0.85,0.59,0.25,439,12,0.74,High,0.44699427139276765,0.44718646616541347,Medium Risk,Medium Risk
59,2024,0.43,0.81,0.53,0.83,0.45,0.95,242,12,0.61,Medium,0.694749373433584,0.6871436090225563,High Risk,High Risk
50,2022,0.59,0.98,0.51,0.72,0.77,0.89,68,8,0.71,High,0.5626673827425707,0.5157909774436091,Medium Risk,Medium Risk
37,2023,0.86,0.64,0.61,0.96,0.95,0.5,127,6,0.78,High,0.3667454350161118,0.37883609022556386,Medium Risk,Medium Risk
90,2024,0.97,0.79,0.92,0.81,0.45,0.52,223,14,0.84,High,0.4386305048335123,0.35598421052631574,Medium Risk,Medium Risk
79,2025,0.51,0.81,0.92,0.88,0.95,0.72,469,14,0.77,High,0.4292767633369136,0.4538413533834586,Medium Risk,Medium Risk
43,2021,0.59,0.69,0.63,0.81,0.5,0.69,381,18,0.65,Medium,0.6670050125313283,0.6431511278195489,High Risk,Medium Risk
89,2022,0.99,0.64,0.68,0.73,0.93,0.5,160,19,0.8,High,0.5041836734693877,0.4280571428571428,Medium Risk,Medium Risk
60,2024,0.68,0.56,0.87,0.93,0.8,0.73,255,1,0.74,High,0.38483172216254913,0.43492030075187965,Medium Risk,Medium Risk
77,2023,0.4,0.4,0.62,0.88,0.37,0.91,76,16,0.51,Medium,0.7956068743286788,0.8384390977443609,High Risk,High Risk
84,2023,0.82,0.66,0.85,0.83,0.97,0.6,108,12,0.8,High,0.4033208020050125,0.38930075187969926,Medium Risk,Medium Risk
86,2021,0.61,0.58,0.73,0.63,0.86,0.24,365,9,0.65,Medium,0.5194038668098819,0.5349969924812031,Medium Risk,Medium Risk
2,2022,0.46,0.89,0.94,0.63,0.32,0.74,415,3,0.68,Medium,0.5527264590046546,0.5330323308270677,Medium Risk,Medium Risk
90,2024,0.61,0.5,0.99,0.64,0.71,0.63,211,2,0.67,Medium,0.49428929466523447,0.5191263157894737,Medium Risk,Medium Risk
49,2022,0.69,0.57,0.97,0.9,0.98,0.04,255,3,0.78,High,0.24228428213390624,0.32080375939849637,Low Risk,Low Risk
4,2022,0.78,0.54,0.75,0.96,0.79,0.39,460,7,0.74,High,0.3913390619405657,0.4276992481203008,Medium Risk,Medium Risk
65,2021,0.74,0.62,0.93,0.9,0.73,0.36,484,12,0.77,High,0.3960078768349445,0.4130721804511278,Medium Risk,Medium Risk
24,2023,0.4,0.7,0.7,0.84,0.33,0.75,361,7,0.59,Medium,0.6332438238453275,0.6635563909774437,Medium Risk,High Risk
83,2024,0.88,0.5,0.76,0.7,0.81,0.32,293,15,0.73,High,0.5165234514858575,0.48449022556390986,Medium Risk,Medium Risk
65,2021,0.75,0.51,0.88,0.74,0.8,0.05,486,8,0.72,High,0.4029394915861081,0.4296624060150376,Medium Risk,Medium Risk
64,2025,0.48,0.56,0.82,0.65,0.96,0.22,273,15,0.64,Medium,0.53968671679198,0.5786045112781955,Medium Risk,Medium Risk
5,2025,0.3,0.93,0.64,0.87,0.86,0.16,349,9,0.67,Medium,0.4279072681704262,0.4994684210526317,Medium Risk,Medium Risk
46,2022,0.65,0.95,0.85,0.89,0.36,0.22,133,9,0.77,High,0.395186179735052,0.3834398496240602,Medium Risk,Medium Risk
22,2025,0.85,0.6,0.91,0.65,0.42,0.34,367,6,0.73,High,0.4886161833154314,0.44797894736842103,Medium Risk,Medium Risk
60,2025,0.37,0.61,0.92,0.63,0.96,0.99,403,11,0.64,Medium,0.6087271750805586,0.6374804511278195,Medium Risk,Medium Risk
80,2023,0.72,0.79,0.88,0.65,0.88,0.71,252,2,0.78,High,0.4073845327604726,0.3830834586466165,Medium Risk,Medium Risk
95,2025,0.81,0.83,0.83,0.65,0.59,0.11,186,15,0.77,High,0.4649928392409595,0.4013616541353384,Medium Risk,Medium Risk
26,2021,0.32,0.95,0.93,0.81,0.46,0.12,52,4,0.69,Medium,0.3959595417114214,0.4538954887218045,Medium Risk,Medium Risk
46,2021,0.7,0.93,0.83,0.79,0.9,0.47,171,16,0.82,High,0.40931435732187615,0.3733390977443609,Medium Risk,Medium Risk
69,2024,0.39,0.81,0.84,0.99,0.8,0.49,63,4,0.72,High,0.3599051199427139,0.4468669172932331,Medium Risk,Medium Risk
75,2025,0.5,0.73,0.85,0.65,0.87,0.61,211,16,0.69,Medium,0.5681578947368421,0.5619962406015037,Medium Risk,Medium Risk
76,2021,0.77,0.66,0.91,0.68,0.44,0.65,105,15,0.72,High,0.5878159684926602,0.5270616541353383,Medium Risk,Medium Risk
50,2022,0.81,1.0,1.0,0.9,0.82,0.25,158,11,0.91,High,0.2296455424274973,0.20446616541353382,Low Risk,Low Risk
99,2024,0.36,0.66,0.78,0.76,0.45,0.59,100,18,0.59,Medium,0.6920050125313283,0.7112225563909774,High Risk,High Risk
68,2021,0.87,0.45,0.93,0.64,0.88,0.36,481,11,0.74,High,0.4646795560329395,0.44559473684210527,Medium Risk,Medium Risk
33,2021,0.35,0.53,0.56,0.72,0.66,0.59,229,19,0.52,Medium,0.7668027210884354,0.7980428571428572,High Risk,High Risk
4,2024,0.59,0.68,0.71,0.94,0.46,0.01,191,7,0.68,Medium,0.4284138918725384,0.4802421052631579,Medium Risk,Medium Risk
25,2022,0.73,0.72,0.53,0.63,0.75,0.47,51,17,0.67,Medium,0.6341800930898674,0.5741022556390978,Medium Risk,Medium Risk
31,2024,0.64,0.65,0.55,0.97,0.86,0.23,149,19,0.7,Medium,0.500374149659864,0.5293571428571429,Medium Risk,Medium Risk
55,2023,0.45,0.87,0.72,0.68,0.93,0.2,155,3,0.69,Medium,0.4028965270318654,0.4412323308270677,Medium Risk,Medium Risk
32,2025,0.74,0.8,0.66,0.73,0.54,0.68,355,2,0.72,High,0.5003097028284997,0.4634977443609022,Medium Risk,Medium Risk
15,2023,1.0,0.5,0.89,0.69,0.36,0.87,397,0,0.74,High,0.5160884353741497,0.4531714285714286,Medium Risk,Medium Risk
59,2025,0.79,0.73,0.93,0.73,0.67,0.49,176,10,0.78,High,0.43610633727175074,0.4011887218045112,Medium Risk,Medium Risk
62,2022,0.94,0.46,0.86,0.66,0.57,0.41,469,13,0.72,High,0.5463157894736842,0.49353533834586466,Medium Risk,Medium Risk
52,2024,0.62,0.74,0.85,0.84,0.92,0.36,144,7,0.76,High,0.3598424633011099,0.393984962406015,Medium Risk,Medium Risk
56,2024,0.39,0.74,0.63,0.92,0.35,0.69,320,3,0.6,Medium,0.5744611528822053,0.625418045112782,Medium Risk,Medium Risk
7,2023,0.79,0.55,0.78,0.81,0.4,0.59,176,10,0.69,Medium,0.5626369495166487,0.5396172932330827,Medium Risk,Medium Risk
79,2022,0.75,0.93,0.84,0.74,0.66,0.68,227,14,0.8,High,0.4780522735409954,0.4096413533834587,Medium Risk,Medium Risk
10,2025,0.95,0.8,0.97,0.76,0.97,0.7,181,19,0.89,High,0.4010884353741497,0.3198,Medium Risk,Low Risk
67,2025,0.32,0.91,0.73,0.64,0.79,0.49,114,6,0.64,Medium,0.5238882921589688,0.5495646616541353,Medium Risk,Medium Risk
83,2025,0.59,0.45,0.55,0.71,0.74,0.53,285,5,0.58,Medium,0.6131382026494808,0.6458157894736842,Medium Risk,Medium Risk
59,2022,0.79,0.95,0.86,0.75,0.8,0.04,370,14,0.84,High,0.33584138918725387,0.2940127819548873,Medium Risk,Low Risk
32,2021,0.32,0.48,0.83,0.92,0.99,0.35,213,0,0.62,Medium,0.39176870748299314,0.5410571428571429,Medium Risk,Medium Risk
23,2025,0.56,0.46,0.63,0.71,0.8,0.05,64,17,0.6,Medium,0.6034317937701397,0.6388165413533835,Medium Risk,Medium Risk
25,2025,0.53,0.71,0.77,0.71,0.94,0.37,267,1,0.69,Medium,0.4068725384890799,0.45227744360902256,Medium Risk,Medium Risk
14,2024,0.31,0.73,0.87,0.69,0.34,0.16,256,13,0.59,Medium,0.6082545649838884,0.6445781954887219,Medium Risk,Medium Risk
56,2021,0.57,0.66,0.74,0.91,0.37,0.77,290,12,0.66,Medium,0.6039330469029717,0.6096150375939849,Medium Risk,Medium Risk
7,2021,0.81,0.68,0.61,0.81,0.97,0.59,118,18,0.75,High,0.5199982098102398,0.48313684210526314,Medium Risk,Medium Risk
63,2024,0.49,0.92,0.88,0.74,0.81,0.1,116,10,0.75,High,0.37852130325814537,0.40040300751879704,Medium Risk,Medium Risk
3,2024,0.5,0.79,0.82,0.68,0.32,0.43,490,11,0.65,Medium,0.6006659505907627,0.5849090225563909,Medium Risk,Medium Risk
13,2024,0.58,0.96,0.97,0.65,0.97,0.37,70,18,0.8,High,0.4231274615109202,0.3902511278195489,Medium Risk,Medium Risk
21,2023,0.81,0.9,0.7,0.78,0.9,0.78,105,10,0.82,High,0.4338954529180093,0.37663157894736843,Medium Risk,Medium Risk
3,2022,0.78,0.74,0.58,0.72,0.93,0.69,59,5,0.74,High,0.47725384890798417,0.4473729323308271,Medium Risk,Medium Risk
23,2024,0.45,0.86,0.51,0.87,0.63,0.35,71,6,0.65,Medium,0.5026297887576083,0.5392646616541353,Medium Risk,Medium Risk
21,2024,0.82,0.66,0.62,0.85,0.42,0.76,291,12,0.7,Medium,0.5969942713927676,0.5475293233082706,Medium Risk,Medium Risk
68,2021,0.35,0.75,0.95,0.6,0.65,0.35,191,16,0.64,Medium,0.5910490511994271,0.6054248120300753,Medium Risk,Medium Risk
85,2023,0.64,0.45,0.92,0.89,0.96,0.69,283,9,0.72,High,0.44096849266022203,0.4968112781954887,Medium Risk,Medium Risk
95,2023,0.98,0.79,0.52,0.89,0.93,0.8,295,7,0.82,High,0.41171321160042956,0.3558563909774436,Medium Risk,Medium Risk
24,2023,0.36,0.8,0.64,0.86,0.73,0.15,353,3,0.64,Medium,0.43017543859649127,0.5116751879699248,Medium Risk,Medium Risk
37,2021,0.43,0.74,0.87,0.91,0.51,0.51,461,12,0.68,Medium,0.5105997135696384,0.553815037593985,Medium Risk,Medium Risk
5,2021,0.83,0.94,0.96,0.91,0.46,0.02,65,11,0.86,High,0.28831901181525244,0.25972330827067674,Low Risk,Low Risk
20,2022,0.76,0.43,0.92,0.7,0.6,0.67,473,2,0.68,Medium,0.5070784103114929,0.5132548872180451,Medium Risk,Medium Risk
17,2025,0.58,0.86,0.96,0.77,0.6,0.7,452,5,0.76,High,0.4318456856426781,0.42657293233082716,Medium Risk,Medium Risk
29,2022,0.51,0.79,0.92,0.82,0.32,0.46,433,10,0.69,Medium,0.5168206229860365,0.5247887218045112,Medium Risk,Medium Risk
86,2022,0.77,0.41,0.75,0.84,0.54,0.67,254,5,0.66,Medium,0.543172216254923,0.5578157894736842,Medium Risk,Medium Risk
43,2025,0.55,0.62,0.93,0.82,0.8,0.9,297,6,0.71,High,0.4810991765127103,0.5137789473684211,Medium Risk,Medium Risk
71,2025,0.32,0.63,0.95,0.71,0.49,0.3,364,14,0.6,Medium,0.5969298245614034,0.6466127819548873,Medium Risk,Medium Risk
36,2024,0.77,0.52,0.97,0.71,0.4,0.09,221,6,0.7,Medium,0.45378625134264233,0.45737894736842105,Medium Risk,Medium Risk
27,2025,0.61,0.43,0.62,0.91,0.35,0.15,351,19,0.59,Medium,0.6529591836734693,0.6838714285714287,Medium Risk,High Risk
96,2025,0.92,0.52,0.97,0.74,0.61,0.71,199,1,0.77,High,0.42058002148227713,0.396206015037594,Medium Risk,Medium Risk
43,2022,0.33,0.41,0.73,0.65,0.77,0.21,181,13,0.52,Medium,0.6540368779090583,0.7306924812030076,Medium Risk,High Risk
32,2024,0.68,0.47,0.51,0.62,0.97,0.14,240,13,0.61,Medium,0.591077694235589,0.5994639097744361,Medium Risk,Medium Risk
21,2025,0.63,0.97,0.97,0.91,0.72,0.45,102,16,0.83,High,0.36509667024704623,0.35222481203007516,Medium Risk,Medium Risk
66,2021,0.71,0.54,0.52,0.98,0.52,0.44,308,16,0.65,Medium,0.5941102756892231,0.6052962406015038,Medium Risk,Medium Risk
78,2023,0.48,0.81,0.96,0.74,0.65,0.46,467,17,0.71,High,0.5206086645184389,0.5199451127819549,Medium Risk,Medium Risk
95,2023,0.58,0.64,0.58,0.75,0.91,0.36,178,2,0.65,Medium,0.465547798066595,0.5078691729323308,Medium Risk,Medium Risk
12,2021,0.42,0.92,0.7,0.6,0.49,0.6,493,14,0.64,Medium,0.6610454708199069,0.6235413533834586,High Risk,Medium Risk
91,2022,0.84,0.66,0.88,0.75,0.47,0.73,210,13,0.75,High,0.5473702112423917,0.486621052631579,Medium Risk,Medium Risk
48,2021,0.54,0.95,0.97,0.7,0.86,0.43,189,19,0.78,High,0.45435374149659863,0.42772857142857146,Medium Risk,Medium Risk
49,2023,0.63,0.54,0.6,0.77,0.83,0.61,132,0,0.64,Medium,0.5032993197278911,0.5414285714285714,Medium Risk,Medium Risk
88,2025,0.33,0.89,0.99,0.76,0.31,0.17,144,12,0.66,Medium,0.5068242033655567,0.5361150375939849,Medium Risk,Medium Risk
22,2024,0.39,0.84,0.63,0.78,0.92,0.97,67,8,0.66,Medium,0.5619190834228428,0.5831624060150377,Medium Risk,Medium Risk
70,2023,0.89,0.75,0.6,0.83,0.65,0.4,495,3,0.76,High,0.40810060866451847,0.3787180451127819,Medium Risk,Medium Risk
24,2021,0.77,0.45,0.84,0.83,0.72,0.29,308,14,0.71,High,0.488154314357322,0.5034984962406016,Medium Risk,Medium Risk
85,2022,0.48,0.67,0.85,0.63,0.72,0.59,300,3,0.65,Medium,0.5236788399570356,0.5478609022556392,Medium Risk,Medium Risk
29,2025,0.61,0.6,0.9,0.65,0.97,0.63,497,14,0.71,High,0.5297869674185464,0.527827067669173,Medium Risk,Medium Risk
63,2022,0.53,0.94,0.55,0.65,0.51,0.96,258,2,0.65,Medium,0.6159559613319011,0.572812030075188,Medium Risk,Medium Risk
71,2021,0.83,0.64,0.91,0.71,0.49,0.52,293,7,0.75,High,0.4806928034371643,0.4419563909774436,Medium Risk,Medium Risk
14,2024,0.56,0.54,0.73,0.82,0.4,0.56,241,8,0.61,Medium,0.6033476548514143,0.6293052631578949,Medium Risk,Medium Risk
28,2022,0.95,0.81,0.63,0.86,0.89,0.4,165,2,0.83,High,0.3057858933046903,0.2777977443609022,Low Risk,Low Risk
92,2025,0.88,0.72,0.61,0.76,0.99,0.78,62,16,0.78,High,0.5220694593626926,0.45746766917293236,Medium Risk,Medium Risk
15,2024,0.57,0.73,0.79,0.67,0.58,0.34,443,12,0.67,Medium,0.5544092373791621,0.5441150375939849,Medium Risk,Medium Risk
84,2025,0.81,0.81,0.98,0.92,0.4,0.35,79,18,0.82,High,0.4260866451843895,0.3850082706766917,Medium Risk,Medium Risk
33,2022,0.49,1.0,0.65,0.95,0.77,0.34,487,13,0.75,High,0.41519334049409234,0.4362781954887218,Medium Risk,Medium Risk
54,2021,0.64,0.7,0.81,0.6,0.95,0.36,462,19,0.71,High,0.5465306122448979,0.5171142857142856,Medium Risk,Medium Risk
67,2024,0.86,0.96,0.7,0.88,0.66,0.8,355,0,0.84,High,0.3503401360544217,0.30342857142857144,Medium Risk,Low Risk
82,2022,0.54,0.55,0.79,0.99,0.44,0.1,119,7,0.65,Medium,0.4457948442534908,0.5263706766917293,Medium Risk,Medium Risk
45,2022,0.55,0.53,0.68,0.86,0.68,0.74,104,3,0.63,Medium,0.5387468671679198,0.5893466165413535,Medium Risk,Medium Risk
71,2022,0.35,0.68,0.65,0.85,0.33,0.12,331,16,0.57,Medium,0.6365932688865019,0.6852105263157896,Medium Risk,High Risk
55,2021,0.87,0.81,0.8,0.83,0.9,0.82,121,14,0.84,High,0.43244002864303616,0.3740413533834587,Medium Risk,Medium Risk
21,2021,0.54,0.47,0.54,0.62,0.38,0.34,434,11,0.52,Medium,0.7450196920873614,0.747851879699248,High Risk,High Risk
55,2025,0.87,0.71,0.86,0.75,0.33,0.9,299,17,0.76,High,0.6179896168993914,0.5228022556390978,Medium Risk,Medium Risk
62,2024,0.51,0.7,0.75,0.61,0.55,0.74,291,14,0.62,Medium,0.6849570354457571,0.6553984962406014,High Risk,Medium Risk
52,2025,0.85,0.81,0.74,0.96,0.54,0.29,165,3,0.8,High,0.3222842821339062,0.31703233082706767,Low Risk,Low Risk
75,2022,0.41,0.82,0.63,0.97,0.39,0.32,428,1,0.64,Medium,0.45741675617615474,0.5258917293233083,Medium Risk,Medium Risk
27,2025,0.92,0.78,0.97,0.65,0.36,0.84,465,9,0.8,High,0.5205603293949158,0.417596992481203,Medium Risk,Medium Risk
62,2021,0.55,0.53,0.96,0.72,0.58,0.7,136,7,0.66,Medium,0.553515932688865,0.5773135338345865,Medium Risk,Medium Risk
33,2021,0.35,0.43,0.56,0.63,0.83,0.49,213,15,0.5,Medium,0.7437003222341569,0.7932759398496242,High Risk,High Risk
16,2022,0.5,0.45,0.57,0.88,0.32,0.86,343,12,0.54,Medium,0.7505656999641962,0.7771721804511278,High Risk,High Risk
58,2021,0.39,0.89,0.75,0.95,0.92,0.02,152,6,0.72,High,0.3042624418188328,0.3949360902255639,Low Risk,Medium Risk
74,2024,0.77,0.57,0.63,0.75,0.65,0.95,142,3,0.68,Medium,0.5740189760114572,0.5512037593984963,Medium Risk,Medium Risk
50,2025,0.97,1.0,0.69,0.72,0.9,1.0,300,8,0.88,High,0.4181095596133191,0.3059909774436091,Medium Risk,Low Risk
46,2025,0.33,0.58,0.85,0.98,0.35,0.03,254,8,0.6,Medium,0.48382384532760475,0.5956766917293235,Medium Risk,Medium Risk
91,2021,0.99,0.64,0.71,0.67,0.38,0.58,89,1,0.74,High,0.505375939849624,0.43194887218045114,Medium Risk,Medium Risk
34,2022,0.44,0.85,0.64,0.93,0.38,0.76,442,6,0.65,Medium,0.5580719656283566,0.5811075187969925,Medium Risk,Medium Risk
62,2024,0.81,0.5,0.64,0.95,0.92,0.04,78,18,0.73,High,0.43591657715717863,0.46319398496240605,Medium Risk,Medium Risk
20,2023,0.98,0.73,0.73,0.99,0.69,0.66,399,1,0.84,High,0.3141514500537057,0.2943917293233083,Low Risk,Low Risk
13,2024,0.72,0.44,0.63,0.68,0.31,0.54,211,15,0.59,Medium,0.7412173290368779,0.7055759398496242,High Risk,High Risk
75,2021,0.49,0.79,0.57,0.81,0.84,0.16,238,2,0.66,Medium,0.41534371643394197,0.47168345864661654,Medium Risk,Medium Risk
84,2022,0.31,0.98,0.6,0.93,0.69,0.26,60,1,0.67,Medium,0.39279090583601856,0.47112030075187983,Medium Risk,Medium Risk
84,2025,0.79,0.94,0.9,0.71,0.92,0.83,382,18,0.85,High,0.4595220193340494,0.3763082706766918,Medium Risk,Medium Risk
49,2021,0.52,1.0,0.52,0.66,0.92,0.06,465,16,0.7,Medium,0.5017293233082707,0.4807248120300752,Medium Risk,Medium Risk
68,2024,0.9,0.84,0.61,0.76,0.66,0.81,176,14,0.78,High,0.5460114572144648,0.4520842105263158,Medium Risk,Medium Risk
6,2022,0.66,0.82,0.56,0.83,0.47,0.43,129,2,0.69,Medium,0.4833029001074114,0.4793548872180451,Medium Risk,Medium Risk
17,2022,0.34,0.41,0.51,0.6,0.38,0.24,353,18,0.43,Medium,0.8541818832796277,0.884636842105263,High Risk,High Risk
8,2022,0.44,0.43,0.58,0.75,0.45,0.31,290,19,0.51,Medium,0.758673469387755,0.7921285714285715,High Risk,High Risk
92,2024,0.77,0.92,0.94,0.83,0.6,0.64,414,16,0.83,High,0.4372055137844612,0.37738195488721804,Medium Risk,Medium Risk
17,2024,0.99,0.51,0.74,0.95,0.46,0.48,430,3,0.76,High,0.4121822413175797,0.4016037593984962,Medium Risk,Medium Risk
17,2021,0.5,0.57,0.83,0.96,0.7,0.53,396,3,0.67,Medium,0.4267740780522736,0.5114894736842106,Medium Risk,Medium Risk
35,2024,0.98,0.58,0.88,0.77,0.69,0.82,254,7,0.8,High,0.45354994629430717,0.3994706766917294,Medium Risk,Medium Risk
85,2024,0.7,0.46,0.72,0.83,0.94,0.19,318,4,0.69,Medium,0.3999731471535984,0.46099548872180457,Medium Risk,Medium Risk
47,2022,0.47,0.55,0.94,0.68,0.85,0.46,451,13,0.65,Medium,0.5408055853920516,0.5795210526315789,Medium Risk,Medium Risk
74,2022,0.91,0.78,0.92,0.7,0.37,0.62,194,5,0.79,High,0.455485141424991,0.37983007518796985,Medium Risk,Medium Risk
79,2021,0.99,0.44,0.95,0.93,0.52,0.97,177,15,0.79,High,0.5239724310776942,0.4782330827067669,Medium Risk,Medium Risk
32,2025,0.83,0.74,0.56,0.81,0.55,0.79,425,0,0.72,High,0.49486394557823127,0.4586857142857143,Medium Risk,Medium Risk
89,2022,0.87,0.96,0.89,0.65,0.36,0.02,147,19,0.81,High,0.46880952380952384,0.3653142857142857,Medium Risk,Medium Risk
16,2023,0.63,0.68,0.52,0.7,0.41,0.89,177,16,0.61,Medium,0.7638381668456855,0.7054390977443609,High Risk,High Risk
98,2021,0.38,0.82,0.5,0.79,0.38,0.85,210,0,0.58,Medium,0.6352040816326531,0.6565714285714286,Medium Risk,Medium Risk
84,2024,0.61,0.79,0.8,0.74,0.61,0.06,186,16,0.71,High,0.4880558539205156,0.47942481203007514,Medium Risk,Medium Risk
21,2024,0.62,0.69,0.78,0.93,0.78,0.66,278,12,0.73,High,0.4686269244539921,0.49000075187969927,Medium Risk,Medium Risk
44,2022,0.79,0.85,0.89,0.79,0.6,0.01,253,10,0.81,High,0.34324919441460794,0.32058872180451126,Medium Risk,Low Risk
48,2022,0.39,0.47,0.52,0.83,0.47,0.73,407,3,0.51,Medium,0.6835427855352668,0.7516609022556392,High Risk,High Risk
94,2025,0.91,0.4,0.51,0.79,0.47,0.69,258,6,0.64,Medium,0.6280719656283565,0.597978947368421,Medium Risk,Medium Risk
13,2023,0.43,0.88,0.71,0.64,0.64,0.09,337,0,0.65,Medium,0.4426530612244898,0.47482857142857143,Medium Risk,Medium Risk
52,2024,0.88,0.6,0.64,0.82,0.81,0.99,142,10,0.75,High,0.5422627998567849,0.49737443609022564,Medium Risk,Medium Risk
16,2023,0.89,0.91,0.66,0.64,0.79,0.36,396,4,0.8,High,0.39395273899033295,0.32438120300751877,Medium Risk,Low Risk
37,2023,0.52,0.52,0.77,0.78,0.91,0.1,226,9,0.65,Medium,0.4568528464017186,0.528454135338346,Medium Risk,Medium Risk
49,2021,0.78,0.92,0.69,0.94,0.6,0.4,374,19,0.8,High,0.45557823129251707,0.40831428571428574,Medium Risk,Medium Risk
29,2025,0.49,0.49,0.5,0.81,0.38,0.39,461,5,0.53,Medium,0.656063372717508,0.7059586466165414,Medium Risk,High Risk
3,2025,0.59,0.41,0.52,0.87,0.89,0.71,167,15,0.6,Medium,0.6443805943430003,0.682675939849624,Medium Risk,High Risk
7,2022,0.96,0.59,0.83,0.63,0.47,0.77,244,7,0.74,High,0.5572914428929467,0.4742563909774437,Medium Risk,Medium Risk
98,2024,0.61,0.99,0.98,0.73,0.92,0.85,186,0,0.83,High,0.3218707482993198,0.31070000000000003,Low Risk,Low Risk
9,2023,0.94,0.95,0.66,0.88,0.77,0.81,252,5,0.86,High,0.3643967060508414,0.29650150375939854,Medium Risk,Low Risk
3,2024,0.32,0.63,0.85,0.7,0.97,0.03,477,14,0.63,Medium,0.4925420694593627,0.5721842105263159,Medium Risk,Medium Risk
37,2023,0.33,0.58,0.89,0.9,0.45,0.2,81,6,0.6,Medium,0.4898066595059077,0.592036090225564,Medium Risk,Medium Risk
96,2023,0.62,0.84,0.55,0.76,0.99,0.81,422,14,0.72,High,0.5529502327246688,0.523827067669173,Medium Risk,Medium Risk
40,2022,0.67,0.94,0.86,0.8,0.58,0.4,331,5,0.79,High,0.37351235230934476,0.35700150375939854,Medium Risk,Medium Risk
22,2022,0.45,0.52,0.56,0.68,0.32,0.67,52,17,0.51,Medium,0.8288399570354457,0.8218736842105263,High Risk,High Risk
7,2021,0.98,0.44,0.71,0.7,0.63,0.92,165,17,0.71,High,0.662173290368779,0.5787308270676692,High Risk,Medium Risk
73,2025,0.83,0.75,0.81,0.62,0.45,0.07,141,18,0.74,High,0.5418009308986752,0.4666368421052632,Medium Risk,Medium Risk
33,2025,0.61,0.55,0.87,0.85,0.84,0.32,84,17,0.71,High,0.4836358754027926,0.5183451127819549,Medium Risk,Medium Risk
53,2023,0.54,0.6,0.95,0.62,0.55,0.12,451,0,0.65,Medium,0.4480952380952381,0.4891428571428571,Medium Risk,Medium Risk
14,2022,0.51,0.91,0.88,0.72,0.6,0.19,261,14,0.72,High,0.46975295381310417,0.4632413533834586,Medium Risk,Medium Risk
100,2021,0.47,0.61,0.88,0.77,0.89,0.88,124,5,0.67,Medium,0.5032062298603651,0.5497300751879699,Medium Risk,Medium Risk
21,2021,0.98,0.6,0.96,0.71,0.99,0.67,105,1,0.84,High,0.31959362692445403,0.28994887218045123,Low Risk,Low Risk
22,2024,0.52,0.54,0.94,0.93,0.46,0.04,350,0,0.66,Medium,0.36554421768707485,0.4646,Medium Risk,Medium Risk
98,2023,0.37,0.75,0.73,0.91,0.45,0.45,394,16,0.63,Medium,0.5942123165055496,0.634339097744361,Medium Risk,Medium Risk
72,2021,0.82,0.81,0.71,0.97,0.35,0.8,57,8,0.77,High,0.48263336913712857,0.44157669172932335,Medium Risk,Medium Risk
28,2022,0.35,0.64,0.58,0.75,0.74,0.55,477,13,0.57,Medium,0.65703007518797,0.7001924812030076,Medium Risk,High Risk
61,2024,0.73,0.92,0.88,0.82,0.55,0.37,105,15,0.8,High,0.4301969208736126,0.3860045112781955,Medium Risk,Medium Risk
90,2023,0.78,0.42,0.8,0.79,0.37,0.28,263,18,0.65,Medium,0.6190458288578589,0.6035939849624059,Medium Risk,Medium Risk
53,2022,0.61,0.89,0.96,0.86,0.87,0.06,182,6,0.81,High,0.24742570712495526,0.28533609022556394,Low Risk,Low Risk
57,2022,0.48,0.43,0.98,0.94,0.94,0.85,470,12,0.68,Medium,0.4928786251342644,0.5748578947368421,Medium Risk,Medium Risk
90,2023,0.52,0.88,0.57,0.91,0.35,0.01,186,1,0.66,Medium,0.42313104189044043,0.4653488721804512,Medium Risk,Medium Risk
63,2023,0.46,0.77,0.75,1.0,0.99,0.64,110,13,0.73,High,0.4276083064804869,0.48777819548872176,Medium Risk,Medium Risk
50,2022,0.78,0.46,0.66,0.63,0.35,0.2,239,2,0.61,Medium,0.5790171858216971,0.5689263157894737,Medium Risk,Medium Risk
17,2024,0.36,0.73,0.64,0.85,0.98,0.11,487,10,0.64,Medium,0.44631041890440387,0.5317315789473684,Medium Risk,Medium Risk
60,2024,0.84,0.94,0.67,1.0,0.37,0.05,63,15,0.81,High,0.38972073039742217,0.3514616541353384,Medium Risk,Medium Risk
25,2021,0.36,0.47,0.52,0.64,0.45,0.97,362,2,0.47,Medium,0.7883709273182957,0.823112030075188,High Risk,High Risk
65,2021,0.84,0.72,0.9,0.84,0.52,0.56,264,11,0.79,High,0.44569996419620483,0.4070375939849624,Medium Risk,Medium Risk
89,2024,0.74,0.55,0.72,0.9,0.61,0.07,59,17,0.7,Medium,0.4933297529538131,0.5083451127819549,Medium Risk,Medium Risk
47,2022,0.75,0.74,0.58,0.94,0.97,0.04,439,13,0.76,High,0.36393483709273194,0.38576390977443614,Medium Risk,Medium Risk
33,2021,0.77,0.63,0.74,1.0,0.45,0.42,216,11,0.73,High,0.4642713927676333,0.47213759398496236,Medium Risk,Medium Risk
4,2022,0.85,0.6,0.69,0.96,0.58,0.62,145,9,0.75,High,0.4706623702112425,0.4618255639097745,Medium Risk,Medium Risk
67,2022,0.79,0.7,0.72,0.98,0.44,0.31,463,14,0.75,High,0.4652631578947369,0.4554842105263158,Medium Risk,Medium Risk
47,2023,0.63,0.99,0.94,0.73,0.6,0.67,427,7,0.79,High,0.42144110275689217,0.3825135338345864,Medium Risk,Medium Risk
22,2022,0.92,0.91,0.69,0.78,0.31,0.4,123,4,0.79,High,0.43293233082706767,0.35643834586466167,Medium Risk,Medium Risk
23,2022,0.6,0.98,0.57,0.83,0.44,0.79,143,18,0.71,High,0.6324471894020768,0.5688225563909776,Medium Risk,Medium Risk
87,2022,0.76,0.43,0.55,0.65,0.36,0.18,164,0,0.58,Medium,0.5945918367346937,0.5976428571428571,Medium Risk,Medium Risk
63,2022,0.86,0.49,0.83,0.73,0.54,0.66,108,17,0.71,High,0.610982814178303,0.5584593984962406,Medium Risk,Medium Risk
33,2023,0.85,0.44,0.6,0.86,0.9,0.25,91,1,0.7,Medium,0.3918725384890799,0.43183458646616546,Medium Risk,Medium Risk
71,2024,0.58,0.69,0.9,0.79,0.85,0.43,453,19,0.73,High,0.4979931972789116,0.5050714285714286,Medium Risk,Medium Risk
9,2024,0.41,0.9,0.68,0.71,0.89,0.05,430,2,0.68,Medium,0.38384711779448616,0.4365834586466165,Medium Risk,Medium Risk
85,2024,0.5,0.95,0.88,0.63,0.8,0.53,385,14,0.74,High,0.5021679197994987,0.4736699248120301,Medium Risk,Medium Risk
39,2022,0.7,0.7,0.74,0.78,0.44,0.76,77,3,0.69,Medium,0.5309237379162192,0.5121037593984963,Medium Risk,Medium Risk
20,2021,0.78,0.96,0.83,0.95,0.88,0.36,288,7,0.87,High,0.24940028643036163,0.24475639097744364,Low Risk,Low Risk
81,2025,0.67,0.54,0.87,0.81,0.59,0.27,85,14,0.69,Medium,0.5093788041532401,0.5251984962406014,Medium Risk,Medium Risk
19,2023,0.7,0.81,0.56,0.65,0.7,0.27,175,11,0.69,Medium,0.5396795560329395,0.4986518796992482,Medium Risk,Medium Risk
82,2021,0.37,0.47,0.79,0.91,0.56,0.98,158,4,0.58,Medium,0.6067758682420336,0.6892954887218045,Medium Risk,High Risk
89,2025,0.49,0.74,0.72,0.82,0.66,0.86,329,6,0.66,Medium,0.5476297887576084,0.5675218045112782,Medium Risk,Medium Risk
21,2024,0.6,0.41,0.66,0.75,0.56,0.98,239,5,0.58,Medium,0.6759273182957395,0.6926443609022556,High Risk,High Risk
66,2024,0.73,0.95,0.62,0.65,0.3,0.51,317,4,0.71,High,0.5463677049767275,0.4724954887218045,Medium Risk,Medium Risk
56,2022,0.62,0.87,0.73,0.83,0.85,0.56,213,0,0.76,High,0.35697278911564634,0.3758428571428572,Medium Risk,Medium Risk
15,2022,0.91,0.98,0.96,0.92,0.75,0.78,247,0,0.92,High,0.225578231292517,0.1854,Low Risk,Low Risk
83,2024,0.83,0.67,0.61,0.68,0.9,0.68,295,3,0.73,High,0.4790870032223416,0.44597518796992486,Medium Risk,Medium Risk
65,2021,0.6,0.43,0.73,0.92,0.57,0.38,179,3,0.63,Medium,0.4876584317937701,0.5613466165413534,Medium Risk,Medium Risk
20,2023,0.45,0.64,0.53,0.69,0.86,0.8,261,1,0.59,Medium,0.5933351235230935,0.6296060150375942,Medium Risk,Medium Risk
98,2024,0.99,0.79,0.77,0.91,0.89,0.81,253,15,0.87,High,0.400843179377014,0.33239022556390974,Medium Risk,Medium Risk
69,2022,0.56,0.99,0.83,0.98,0.44,0.86,329,18,0.77,High,0.5203723594701037,0.4901511278195489,Medium Risk,Medium Risk
30,2025,0.41,0.71,0.9,0.77,0.63,0.99,232,3,0.66,Medium,0.5396652345148586,0.5740037593984962,Medium Risk,Medium Risk
97,2025,0.89,0.79,0.7,0.61,0.71,0.01,399,14,0.77,High,0.46332438238453283,0.3921842105263158,Medium Risk,Medium Risk
30,2021,0.43,0.79,0.53,0.73,0.4,0.58,294,7,0.58,Medium,0.6549785177228785,0.658684962406015,Medium Risk,Medium Risk
45,2024,0.36,0.45,0.71,0.98,0.45,0.26,342,12,0.55,Medium,0.5911779448621555,0.6943436090225564,Medium Risk,High Risk
93,2025,0.78,0.79,0.93,0.79,0.39,0.29,238,19,0.78,High,0.4986734693877551,0.44341428571428565,Medium Risk,Medium Risk
79,2022,0.67,0.81,0.82,0.95,0.71,0.78,494,0,0.78,High,0.3524829931972789,0.37415714285714285,Medium Risk,Medium Risk
3,2023,0.57,0.87,0.86,0.62,0.71,0.13,234,16,0.72,High,0.4924776226279986,0.466539097744361,Medium Risk,Medium Risk
8,2023,0.65,0.5,0.68,0.64,0.7,0.1,228,4,0.62,Medium,0.516061582527748,0.5433954887218044,Medium Risk,Medium Risk
9,2024,0.89,0.94,0.54,0.85,0.78,0.53,318,10,0.82,High,0.4175349087003222,0.3532315789473684,Medium Risk,Medium Risk
29,2023,0.75,0.63,0.71,0.63,0.32,0.7,97,15,0.65,Medium,0.7056731113498032,0.6311330827067669,High Risk,Medium Risk
60,2021,0.49,0.69,0.74,0.76,0.87,0.45,194,16,0.67,Medium,0.5490082348728966,0.5704533834586466,Medium Risk,Medium Risk
97,2024,0.91,0.93,0.64,0.61,0.48,0.28,187,16,0.77,High,0.5436000716075905,0.42473909774436097,Medium Risk,Medium Risk
29,2021,0.39,0.49,0.82,0.89,0.9,0.94,276,3,0.63,Medium,0.5138829215896885,0.6080894736842105,Medium Risk,Medium Risk
36,2021,0.64,0.76,0.54,0.71,0.53,0.56,133,3,0.65,Medium,0.5640870032223415,0.5461037593984962,Medium Risk,Medium Risk
43,2024,0.42,0.5,0.92,0.71,0.8,0.57,91,1,0.62,Medium,0.49360723236663084,0.5712060150375939,Medium Risk,Medium Risk
68,2025,0.34,0.54,0.84,0.63,0.47,0.86,459,11,0.55,Medium,0.7358020050125315,0.7583518796992481,High Risk,High Risk
57,2025,0.62,0.57,0.62,0.89,0.31,0.54,357,1,0.62,Medium,0.5532670963122092,0.585563157894737,Medium Risk,Medium Risk
67,2025,0.76,0.67,0.67,0.93,0.83,0.32,386,1,0.75,High,0.33476369495166486,0.37184887218045115,Medium Risk,Medium Risk
38,2021,0.34,0.6,0.88,0.72,0.83,0.75,299,13,0.62,Medium,0.6037987826709631,0.6519067669172933,Medium Risk,Medium Risk
61,2023,0.82,0.64,0.61,0.81,0.94,0.64,71,13,0.74,High,0.5031525241675617,0.4766781954887218,Medium Risk,Medium Risk
15,2024,0.8,0.54,0.99,0.82,0.79,0.12,448,12,0.77,High,0.3677085571070533,0.3849007518796993,Medium Risk,Medium Risk
84,2022,0.5,0.84,0.55,0.9,0.33,0.2,468,10,0.64,Medium,0.5449158610812745,0.5637744360902255,Medium Risk,Medium Risk
50,2023,0.86,0.67,0.66,0.66,0.42,0.66,464,9,0.7,Medium,0.6060365198711064,0.5304112781954887,Medium Risk,Medium Risk
81,2023,0.35,0.85,0.86,0.62,0.69,0.08,53,11,0.65,Medium,0.5014822771213748,0.5302233082706767,Medium Risk,Medium Risk
57,2023,0.81,0.47,0.61,0.73,0.45,0.39,465,1,0.64,Medium,0.5483011099176512,0.5448774436090226,Medium Risk,Medium Risk
19,2022,0.63,0.54,0.79,0.97,0.82,0.67,55,13,0.71,High,0.4859416398138202,0.528021052631579,Medium Risk,Medium Risk
33,2022,0.56,0.73,0.76,0.64,0.53,0.02,384,14,0.65,Medium,0.5552631578947368,0.5481556390977443,Medium Risk,Medium Risk
97,2024,0.86,0.84,0.9,0.87,0.77,0.67,275,7,0.86,High,0.33695130683852487,0.3019849624060151,Medium Risk,Low Risk
1,2025,0.81,0.58,0.77,0.77,0.49,0.97,101,0,0.71,High,0.5292857142857142,0.5032285714285715,Medium Risk,Medium Risk
7,2021,0.41,0.89,0.79,0.85,0.87,0.34,483,9,0.72,High,0.40294128177586824,0.45246842105263146,Medium Risk,Medium Risk
69,2025,0.4,0.47,0.81,0.6,0.31,0.39,66,18,0.52,Medium,0.7776512710347296,0.788493984962406,High Risk,High Risk
63,2023,0.62,0.62,0.65,0.67,0.85,0.96,402,12,0.66,Medium,0.6438650196920873,0.6193007518796992,Medium Risk,Medium Risk
51,2021,0.49,0.63,0.69,0.7,0.6,0.47,150,5,0.61,Medium,0.5742606516290728,0.6029872180451129,Medium Risk,Medium Risk
54,2023,0.72,0.57,0.8,0.72,0.34,0.0,341,4,0.66,Medium,0.4814357321876119,0.49126691729323313,Medium Risk,Medium Risk
46,2024,0.6,0.71,0.57,0.82,0.4,0.61,90,14,0.63,Medium,0.6526781238811313,0.6325556390977444,Medium Risk,Medium Risk
44,2022,0.4,0.88,0.8,0.64,0.96,0.08,414,11,0.69,Medium,0.43903329752953807,0.469609022556391,Medium Risk,Medium Risk
52,2023,0.45,0.81,0.98,0.78,0.67,0.24,122,3,0.72,High,0.36595775152166127,0.41948947368421047,Medium Risk,Medium Risk
15,2023,0.61,0.57,0.97,0.95,0.36,0.52,146,14,0.7,Medium,0.5185624776226281,0.5449842105263158,Medium Risk,Medium Risk
7,2024,0.39,0.61,0.67,0.83,0.5,0.12,386,17,0.58,Medium,0.6193501611170784,0.6716308270676692,Medium Risk,High Risk
22,2025,0.97,0.71,0.7,0.81,0.85,0.34,348,2,0.82,High,0.3229627640529896,0.29716917293233086,Low Risk,Low Risk
31,2023,0.8,0.93,0.69,0.63,0.97,0.44,498,19,0.8,High,0.4900340136054422,0.4049571428571429,Medium Risk,Medium Risk
76,2021,0.68,0.52,0.88,0.92,0.69,0.49,435,16,0.72,High,0.49601503759398496,0.5205533834586465,Medium Risk,Medium Risk
58,2022,0.36,0.85,0.57,0.64,0.69,0.41,461,5,0.6,Medium,0.5771858216971,0.5991872180451128,Medium Risk,Medium Risk
92,2023,0.37,0.7,0.94,0.95,0.31,0.89,392,13,0.65,Medium,0.6007035445757251,0.6394496240601504,Medium Risk,Medium Risk
79,2022,0.89,0.92,0.8,0.83,0.87,0.79,229,15,0.87,High,0.41152345148585756,0.33480451127819555,Medium Risk,Medium Risk
76,2021,1.0,0.47,0.92,0.8,0.57,0.61,87,5,0.78,High,0.43296813462226996,0.4011872180451128,Medium Risk,Medium Risk
15,2025,0.91,0.53,0.71,0.98,0.6,0.36,196,19,0.75,High,0.4961904761904762,0.47747142857142855,Medium Risk,Medium Risk
47,2023,0.53,0.74,0.94,0.92,0.69,0.07,461,4,0.74,High,0.30687790905836015,0.3806526315789473,Low Risk,Medium Risk
54,2024,0.42,0.57,0.64,0.87,0.31,0.76,64,11,0.56,Medium,0.7021285356247764,0.7361375939849624,High Risk,High Risk
51,2025,0.79,0.75,0.59,0.84,0.32,0.12,157,11,0.7,Medium,0.5152918009308987,0.4838518796992482,Medium Risk,Medium Risk
7,2022,0.38,0.84,0.78,0.81,0.62,0.98,65,4,0.66,Medium,0.5429663444325098,0.5691097744360902,Medium Risk,Medium Risk
18,2024,0.34,0.54,0.71,0.89,0.74,0.24,306,8,0.59,Medium,0.5138578589330469,0.6199338345864661,Medium Risk,Medium Risk
22,2025,0.87,0.59,0.99,0.88,0.34,0.04,180,16,0.77,High,0.4305728607232367,0.41216766917293235,Medium Risk,Medium Risk
30,2022,0.42,0.44,0.72,0.94,0.35,0.36,243,14,0.56,Medium,0.6424740422484784,0.7163413533834586,Medium Risk,High Risk
52,2024,0.84,0.73,0.92,0.64,0.94,0.93,68,9,0.81,High,0.4611385606874329,0.3988112781954887,Medium Risk,Medium Risk
4,2024,0.56,0.43,0.99,0.61,0.96,0.37,299,15,0.66,Medium,0.5414554242749733,0.5720473684210526,Medium Risk,Medium Risk
67,2023,0.73,1.0,0.87,0.69,0.89,0.41,285,8,0.84,High,0.3441299677765843,0.3003338345864662,Medium Risk,Low Risk
19,2024,0.98,0.75,0.93,0.98,0.77,0.55,135,11,0.89,High,0.2989652703186537,0.26645187969924816,Low Risk,Low Risk
82,2022,0.43,0.55,0.65,0.74,0.59,0.1,400,6,0.57,Medium,0.5593984962406016,0.6263646616541352,Medium Risk,Medium Risk
17,2023,0.68,0.67,0.82,0.93,0.6,0.64,369,7,0.74,High,0.4459989258861439,0.4634278195488722,Medium Risk,Medium Risk
5,2024,0.75,0.51,0.78,0.99,0.66,0.93,428,2,0.72,High,0.45139813820264946,0.4840834586466165,Medium Risk,Medium Risk
54,2022,0.56,0.82,0.69,0.7,0.7,0.42,331,12,0.69,Medium,0.5398174006444684,0.525615037593985,Medium Risk,Medium Risk
36,2021,0.55,0.76,0.8,0.82,0.94,0.67,425,16,0.73,High,0.49866809881847474,0.5062105263157896,Medium Risk,Medium Risk
88,2022,0.68,0.97,0.81,0.93,0.76,0.84,357,6,0.82,High,0.3658270676691729,0.3506218045112781,Medium Risk,Medium Risk
76,2022,0.42,0.69,0.85,0.69,0.3,0.34,142,5,0.6,Medium,0.5747708557107053,0.60353007518797,Medium Risk,Medium Risk
49,2024,0.48,0.99,0.93,0.92,0.39,0.76,478,7,0.75,High,0.44276763336913705,0.44697067669172935,Medium Risk,Medium Risk
24,2025,0.62,0.52,0.65,0.68,0.84,0.71,219,0,0.63,Medium,0.540204081632653,0.5657142857142857,Medium Risk,Medium Risk
63,2023,0.86,0.97,0.52,0.62,0.54,0.09,114,15,0.75,High,0.5280880773361976,0.42553308270676693,Medium Risk,Medium Risk
10,2025,0.7,0.52,0.83,0.87,0.95,0.15,404,1,0.73,High,0.3096616541353384,0.3820345864661655,Low Risk,Medium Risk
79,2021,0.65,0.62,0.59,0.95,0.58,0.92,70,7,0.67,Medium,0.5666791979949874,0.579442105263158,Medium Risk,Medium Risk
94,2022,0.59,0.79,1.0,0.98,0.3,0.89,158,7,0.75,High,0.4634479054779806,0.471484962406015,Medium Risk,Medium Risk
13,2021,0.54,0.97,0.85,0.82,0.66,0.16,136,15,0.76,High,0.4131901181525241,0.41130451127819556,Medium Risk,Medium Risk
88,2023,0.33,0.4,0.68,0.7,0.34,0.18,297,5,0.47,Medium,0.6761654135338346,0.7596586466165414,High Risk,High Risk
52,2024,0.79,0.58,0.88,0.68,0.68,0.8,416,1,0.73,High,0.47853920515574655,0.4587488721804512,Medium Risk,Medium Risk
92,2022,0.78,0.72,0.72,0.75,0.89,0.22,489,4,0.76,High,0.36480307912638743,0.3659954887218046,Medium Risk,Medium Risk
35,2023,0.69,0.98,0.59,0.74,0.7,0.87,286,4,0.75,High,0.4936126029359112,0.4403669172932332,Medium Risk,Medium Risk
93,2021,0.95,0.97,0.98,0.94,0.55,0.07,221,5,0.92,High,0.18392051557465097,0.15101578947368424,Low Risk,Low Risk
65,2021,0.52,0.98,0.58,0.9,0.55,0.58,293,5,0.71,High,0.47072323666308635,0.4763729323308272,Medium Risk,Medium Risk
63,2021,0.65,0.54,0.77,0.69,0.76,0.9,389,8,0.66,Medium,0.5950823487289653,0.5876195488721805,Medium Risk,Medium Risk
41,2024,0.36,0.69,0.6,0.68,0.96,0.76,321,7,0.6,Medium,0.602359470103831,0.642484962406015,Medium Risk,Medium Risk
10,2022,0.91,0.4,0.69,0.71,0.7,0.25,451,19,0.69,Medium,0.5931632653061225,0.5554571428571429,Medium Risk,Medium Risk
6,2025,0.6,0.9,0.51,0.87,0.95,0.24,462,3,0.73,High,0.3589169351951308,0.3903323308270677,Medium Risk,Medium Risk
50,2024,0.97,0.54,0.55,0.66,0.79,0.73,172,6,0.71,High,0.5579018976011457,0.4951503759398497,Medium Risk,Medium Risk
54,2025,0.42,0.75,0.74,0.89,0.61,0.34,416,17,0.66,Medium,0.5474453992123164,0.5855736842105264,Medium Risk,Medium Risk
38,2024,0.89,0.43,0.97,0.65,0.32,0.41,356,7,0.7,Medium,0.5417132116004296,0.5044278195488721,Medium Risk,Medium Risk
98,2021,0.5,0.55,0.84,0.67,0.68,0.99,399,17,0.62,Medium,0.7073093447905477,0.6967165413533833,High Risk,High Risk
88,2021,0.4,0.65,0.93,0.97,0.72,0.14,431,5,0.69,Medium,0.35123344074471896,0.4624443609022556,Medium Risk,Medium Risk
77,2021,0.73,0.54,0.78,0.98,0.92,0.4,292,0,0.75,High,0.30809523809523803,0.37891428571428565,Low Risk,Medium Risk
86,2022,0.67,0.47,0.77,0.6,0.53,0.22,418,15,0.62,Medium,0.6422377372001432,0.6273902255639098,Medium Risk,Medium Risk
42,2025,0.7,0.79,0.84,0.95,0.46,0.26,53,1,0.76,High,0.3296616541353384,0.35693458646616544,Low Risk,Medium Risk
93,2023,0.31,0.48,0.84,0.9,0.38,0.23,395,18,0.55,Medium,0.64078052273541,0.7249082706766917,Medium Risk,High Risk
2,2021,0.64,0.93,0.78,0.87,0.54,0.57,491,3,0.77,High,0.39728428213390615,0.39163233082706767,Medium Risk,Medium Risk
42,2023,0.7,0.55,0.83,0.93,0.62,0.68,196,7,0.72,High,0.46926423200859285,0.4959706766917294,Medium Risk,Medium Risk
17,2021,0.59,0.85,0.93,0.72,0.57,0.36,378,5,0.74,High,0.41616541353383457,0.4147300751879699,Medium Risk,Medium Risk
40,2021,0.87,0.99,0.91,0.82,0.51,0.2,405,17,0.86,High,0.3753025420694594,0.29951654135338346,Medium Risk,Low Risk
78,2022,0.48,0.92,0.82,0.61,0.81,0.04,184,17,0.71,High,0.4881936985320444,0.4767022556390978,Medium Risk,Medium Risk
56,2023,0.51,0.55,0.69,0.74,0.56,0.32,382,15,0.6,Medium,0.6368635875402793,0.6591902255639098,Medium Risk,Medium Risk
48,2025,0.71,0.72,0.89,0.82,0.9,0.23,450,1,0.78,High,0.28234872896527036,0.3184345864661655,Low Risk,Low Risk
70,2025,0.96,0.6,0.76,0.86,0.36,0.49,66,12,0.76,High,0.51281059792338,0.45855789473684205,Medium Risk,Medium Risk
52,2024,0.43,0.78,0.59,0.63,0.53,0.23,210,11,0.59,Medium,0.6294754744002865,0.632209022556391,Medium Risk,Medium Risk
76,2023,0.69,0.86,0.69,0.89,0.59,0.28,77,3,0.75,High,0.3706856426781239,0.37938947368421055,Medium Risk,Medium Risk
36,2021,0.49,0.61,0.82,0.95,0.43,0.84,331,13,0.65,Medium,0.6002953813104189,0.6320067669172933,Medium Risk,Medium Risk
36,2025,0.79,0.52,0.54,0.89,0.66,0.7,218,18,0.67,Medium,0.6325832438238453,0.6087654135338345,Medium Risk,Medium Risk
47,2025,0.45,0.9,0.84,0.95,0.86,0.35,435,14,0.76,High,0.38346043680630143,0.429427067669173,Medium Risk,Medium Risk
46,2021,0.69,0.52,0.95,0.71,0.59,0.2,350,7,0.69,Medium,0.4602846401718582,0.47984210526315796,Medium Risk,Medium Risk
22,2021,0.58,0.84,0.6,0.75,0.31,0.76,408,17,0.65,Medium,0.7045882563551736,0.6459022556390979,High Risk,Medium Risk
78,2022,0.86,0.79,0.5,0.7,0.65,0.62,67,6,0.73,High,0.5336842105263158,0.466078947368421,Medium Risk,Medium Risk
70,2023,0.38,0.99,0.64,0.99,0.43,0.36,383,14,0.68,Medium,0.5083583959899749,0.5374984962406014,Medium Risk,Medium Risk
24,2021,0.45,0.67,0.53,0.72,0.67,0.47,464,6,0.58,Medium,0.6047046186895811,0.636278947368421,Medium Risk,Medium Risk
74,2021,0.32,0.46,0.84,0.77,0.91,0.69,353,18,0.59,Medium,0.6474812030075189,0.7167654135338345,Medium Risk,High Risk
70,2023,0.85,0.99,0.77,0.87,0.47,0.44,120,13,0.83,High,0.4139008234872897,0.3428639097744361,Medium Risk,Medium Risk
50,2021,0.61,0.83,0.69,0.97,0.37,0.37,177,2,0.71,High,0.41581990691013254,0.4430548872180451,Medium Risk,Medium Risk
66,2021,0.41,0.43,0.56,0.97,0.69,0.8,167,6,0.56,Medium,0.6152148227712138,0.7077646616541352,Medium Risk,High Risk
44,2022,0.9,0.52,0.58,0.68,0.66,0.12,68,8,0.68,Medium,0.5156605800214823,0.4873052631578948,Medium Risk,Medium Risk
26,2024,0.49,0.65,0.62,0.65,0.9,0.56,149,18,0.62,Medium,0.6567329036877909,0.6544654135338346,Medium Risk,Medium Risk
100,2023,0.34,0.59,1.0,0.77,0.39,0.97,422,6,0.6,Medium,0.6226297887576083,0.6685075187969924,Medium Risk,High Risk
30,2025,0.91,0.63,0.69,0.71,0.33,0.27,257,1,0.71,High,0.4814303616183316,0.44036315789473685,Medium Risk,Medium Risk
1,2021,0.45,0.81,0.79,0.82,0.9,0.1,105,4,0.71,High,0.34653777300393845,0.4160097744360903,Medium Risk,Medium Risk
17,2024,0.87,0.53,0.9,0.76,0.43,0.76,205,9,0.73,High,0.5452882205513784,0.5015827067669173,Medium Risk,Medium Risk
84,2021,0.55,0.76,0.78,0.76,0.6,0.23,233,19,0.68,Medium,0.5548979591836735,0.5486285714285714,Medium Risk,Medium Risk
38,2023,0.58,0.83,0.81,0.71,0.76,0.66,381,7,0.73,High,0.47994450411743644,0.4694563909774436,Medium Risk,Medium Risk
67,2022,0.98,0.8,0.58,0.65,0.44,0.77,51,0,0.75,High,0.5209863945578231,0.4219142857142858,Medium Risk,Medium Risk
20,2022,0.93,0.5,0.51,0.96,0.88,0.97,392,0,0.74,High,0.4506802721088435,0.4532571428571428,Medium Risk,Medium Risk
41,2024,0.59,0.73,0.62,0.62,0.96,0.19,441,5,0.67,Medium,0.4651450053705692,0.47904436090225566,Medium Risk,Medium Risk
81,2023,0.31,0.49,0.69,0.87,0.46,0.42,193,12,0.53,Medium,0.6576745435016111,0.7412578947368422,Medium Risk,High Risk
59,2022,0.39,0.69,0.87,0.64,0.6,0.02,487,6,0.62,Medium,0.4936161833154315,0.5460218045112782,Medium Risk,Medium Risk
49,2023,0.9,0.75,0.94,0.92,0.77,0.61,89,15,0.86,High,0.37250984604368054,0.3337616541353383,Medium Risk,Medium Risk
76,2021,0.38,0.49,0.83,0.86,0.89,0.75,251,10,0.62,Medium,0.5513104189044038,0.6347601503759399,Medium Risk,Medium Risk
90,2025,0.78,0.71,0.74,0.86,0.69,0.64,301,1,0.76,High,0.4004439670605085,0.3999345864661655,Medium Risk,Medium Risk
80,2023,0.66,0.81,0.72,0.7,0.3,0.56,122,3,0.68,Medium,0.5471822413175796,0.5122323308270677,Medium Risk,Medium Risk
29,2024,0.58,0.52,0.54,0.91,0.47,0.61,255,9,0.6,Medium,0.626546723952739,0.659254135338346,Medium Risk,Medium Risk
42,2022,0.91,0.67,0.64,0.96,0.9,0.16,440,8,0.8,High,0.3174973147153598,0.3256338345864662,Low Risk,Low Risk
3,2021,0.86,0.77,0.56,0.85,0.34,0.89,179,10,0.72,High,0.5996437522377372,0.5242458646616541,Medium Risk,Medium Risk
81,2022,0.89,0.71,0.89,0.67,0.7,0.98,160,7,0.79,High,0.4946383816684568,0.42051353383458645,Medium Risk,Medium Risk
26,2021,0.61,0.62,1.0,0.83,0.63,0.5,431,16,0.73,High,0.4980218403150734,0.509781954887218,Medium Risk,Medium Risk
5,2025,0.39,0.97,0.86,0.9,0.65,0.47,112,1,0.73,High,0.35343716433942,0.4094488721804512,Medium Risk,Medium Risk
79,2021,0.65,0.96,0.5,0.96,0.52,0.31,108,5,0.73,High,0.4179341210168278,0.41974436090225564,Medium Risk,Medium Risk
64,2023,0.85,0.59,0.54,0.79,0.82,0.22,487,3,0.71,High,0.4253795202291443,0.4290323308270677,Medium Risk,Medium Risk
100,2025,0.97,0.99,0.9,0.68,0.45,0.34,110,13,0.87,High,0.4099212316505549,0.2939210526315789,Medium Risk,Low Risk
51,2023,0.44,0.48,0.71,0.65,0.59,0.15,476,1,0.55,Medium,0.5585732187611887,0.6280917293233084,Medium Risk,Medium Risk
23,2025,0.68,0.81,0.97,0.86,0.55,0.45,446,10,0.78,High,0.4004260651629073,0.3940744360902255,Medium Risk,Medium Risk
82,2022,0.49,0.55,0.62,0.68,0.7,0.33,434,18,0.58,Medium,0.6777873254564984,0.6918939849624061,High Risk,High Risk
16,2022,0.63,0.41,0.74,0.62,0.98,0.79,55,4,0.63,Medium,0.5730003580379519,0.5960097744360903,Medium Risk,Medium Risk
40,2025,0.8,0.63,0.77,0.96,0.48,0.24,412,17,0.74,High,0.4771392767633369,0.4696308270676692,Medium Risk,Medium Risk
77,2021,0.38,0.82,0.6,0.97,0.45,0.26,195,17,0.63,Medium,0.5715950590762621,0.6140451127819548,Medium Risk,Medium Risk
46,2021,0.87,0.87,0.96,0.9,0.34,0.84,202,19,0.84,High,0.5021768707482993,0.41375714285714293,Medium Risk,Medium Risk
57,2022,0.39,0.77,0.6,0.71,0.82,0.98,339,2,0.62,Medium,0.5888811313999284,0.6145977443609023,Medium Risk,Medium Risk
25,2024,0.86,0.48,0.7,0.71,0.5,0.12,225,2,0.67,Medium,0.4758879341210168,0.47309774436090224,Medium Risk,Medium Risk
66,2023,0.42,0.75,0.63,0.7,0.64,0.65,352,3,0.61,Medium,0.5796312209094163,0.6047751879699248,Medium Risk,Medium Risk
9,2024,0.98,0.64,0.8,0.7,0.64,0.07,167,3,0.78,High,0.3601074113856068,0.32507518796992485,Medium Risk,Low Risk
31,2021,0.66,0.74,0.84,0.77,0.38,0.1,465,18,0.7,Medium,0.5353043322592195,0.5119082706766916,Medium Risk,Medium Risk
88,2021,0.32,0.99,0.99,0.75,0.32,0.73,246,7,0.69,Medium,0.5289921231650554,0.535084962406015,Medium Risk,Medium Risk
85,2023,0.4,0.48,0.79,0.99,0.37,0.29,402,19,0.58,Medium,0.6226870748299319,0.6980285714285713,Medium Risk,High Risk
33,2023,0.66,0.71,0.91,0.9,0.94,0.83,172,7,0.79,High,0.38331185105621196,0.4053135338345865,Medium Risk,Medium Risk
13,2025,0.86,0.55,0.81,0.78,0.85,0.31,178,5,0.76,High,0.38106337271750806,0.38578721804511273,Medium Risk,Medium Risk
53,2024,0.66,0.61,0.84,0.98,0.64,0.47,205,7,0.73,High,0.408345864661654,0.4536563909774436,Medium Risk,Medium Risk
5,2022,0.94,0.8,0.51,0.68,0.78,0.76,418,15,0.76,High,0.5804010025062656,0.4740616541353384,Medium Risk,Medium Risk
36,2022,0.83,0.43,0.69,0.71,0.57,0.16,270,17,0.66,Medium,0.6009828141783029,0.5767165413533835,Medium Risk,Medium Risk
69,2025,0.79,0.67,0.76,0.81,0.78,0.05,114,12,0.76,High,0.40012352309344784,0.3996293233082707,Medium Risk,Medium Risk
49,2023,0.67,0.86,0.67,0.75,0.95,0.21,199,10,0.76,High,0.3996437522377372,0.3935744360902255,Medium Risk,Medium Risk
34,2021,0.82,0.78,0.71,0.99,0.81,0.06,208,5,0.81,High,0.260485141424991,0.2860015037593985,Low Risk,Low Risk
14,2022,0.76,0.53,0.85,0.72,0.91,0.34,369,3,0.73,High,0.3932366630862872,0.41600375939849615,Medium Risk,Medium Risk
16,2021,0.9,0.49,0.64,0.64,0.45,0.24,127,12,0.66,Medium,0.6100214822771214,0.5562578947368422,Medium Risk,Medium Risk
32,2022,0.67,0.94,1.0,0.9,0.98,0.79,270,7,0.87,High,0.2869172932330827,0.28727067669172934,Low Risk,Low Risk
33,2021,0.82,0.6,0.68,0.8,0.55,0.78,139,7,0.71,High,0.5507268170426064,0.518184962406015,Medium Risk,Medium Risk
52,2024,0.61,0.53,0.83,0.87,0.78,0.03,468,1,0.69,Medium,0.3431990691013248,0.42796315789473693,Medium Risk,Medium Risk
63,2024,0.83,0.79,0.7,0.84,0.33,0.76,144,9,0.75,High,0.5405263157894736,0.47772556390977444,Medium Risk,Medium Risk
88,2025,0.48,0.57,0.98,0.75,0.31,0.28,255,0,0.63,Medium,0.4843197278911565,0.5427,Medium Risk,Medium Risk
77,2023,0.32,0.52,0.63,0.63,0.55,0.03,291,9,0.5,Medium,0.6547099892588614,0.7215684210526316,Medium Risk,High Risk
8,2024,0.94,0.7,0.63,0.84,0.44,0.07,176,12,0.75,High,0.4610418904403866,0.41450075187969926,Medium Risk,Medium Risk
76,2023,0.99,0.96,0.87,0.88,0.54,0.1,328,13,0.9,High,0.2974722520587182,0.22636390977443605,Low Risk,Low Risk
11,2022,0.4,0.89,0.64,0.74,0.45,0.59,110,9,0.63,Medium,0.6085535266738274,0.6083255639097743,Medium Risk,Medium Risk
23,2021,0.62,0.76,0.74,0.8,0.35,0.19,106,15,0.68,Medium,0.5529860365198711,0.5382616541353383,Medium Risk,Medium Risk
1,2021,0.5,0.65,0.76,0.65,0.32,0.15,202,8,0.59,Medium,0.5993000358037951,0.6117195488721805,Medium Risk,Medium Risk
67,2024,0.35,0.52,0.96,0.61,0.76,0.38,350,0,0.59,Medium,0.5009183673469388,0.5828285714285715,Medium Risk,Medium Risk
33,2025,0.69,0.68,0.83,0.66,0.89,0.15,109,18,0.73,High,0.48867167919799487,0.47079398496240604,Medium Risk,Medium Risk
7,2025,0.92,0.98,0.66,0.92,0.45,0.55,349,1,0.84,High,0.34513784461152885,0.2889488721804512,Medium Risk,Low Risk
79,2025,0.3,0.88,0.67,0.73,0.57,0.63,79,7,0.61,Medium,0.5925295381310419,0.6192135338345864,Medium Risk,Medium Risk
65,2023,0.45,0.51,0.73,0.9,0.5,0.02,402,4,0.59,Medium,0.47674185463659147,0.575466917293233,Medium Risk,Medium Risk
92,2021,0.59,0.98,0.85,0.89,0.69,0.97,498,8,0.79,High,0.43256534192624413,0.41396240601503764,Medium Risk,Medium Risk
92,2022,0.79,0.84,0.65,0.72,0.85,0.3,310,17,0.77,High,0.48224131757966343,0.42704511278195495,Medium Risk,Medium Risk
3,2022,0.87,0.47,0.91,0.84,0.43,0.54,66,18,0.73,High,0.5643859649122807,0.5293511278195489,Medium Risk,Medium Risk
45,2022,0.34,0.99,0.52,0.86,0.56,0.65,149,3,0.64,Medium,0.5294271392767633,0.5608037593984962,Medium Risk,Medium Risk
40,2022,0.62,0.53,0.75,0.9,0.66,0.29,450,7,0.67,Medium,0.4600465449337629,0.5153421052631579,Medium Risk,Medium Risk
98,2022,0.38,0.62,0.58,0.7,0.41,0.89,245,17,0.53,Medium,0.8195202291442891,0.8125308270676692,High Risk,High Risk
6,2022,0.46,0.71,0.76,0.84,0.34,0.97,105,8,0.63,Medium,0.6383816684568563,0.6470052631578947,Medium Risk,Medium Risk
56,2023,0.91,0.65,0.58,0.9,0.88,0.88,403,9,0.77,High,0.4752882205513785,0.44063984962406016,Medium Risk,Medium Risk
63,2023,0.79,0.8,0.69,0.87,0.93,0.33,370,10,0.8,High,0.3620927318295739,0.3542315789473685,Medium Risk,Medium Risk
57,2022,0.54,0.48,0.56,0.93,0.94,0.78,250,11,0.63,Medium,0.5747815968492659,0.6331518796992481,Medium Risk,Medium Risk
90,2025,0.66,0.9,0.52,1.0,0.72,0.98,426,9,0.75,High,0.4951521661296097,0.48031127819548874,Medium Risk,Medium Risk
94,2024,0.62,0.98,0.65,0.85,0.59,0.06,331,3,0.75,High,0.3506856426781239,0.3607894736842106,Medium Risk,Medium Risk
43,2023,0.36,0.79,0.81,0.69,0.68,0.22,400,16,0.64,Medium,0.5626476906552095,0.5882533834586466,Medium Risk,Medium Risk
12,2022,0.55,0.55,0.63,0.76,0.79,0.04,387,10,0.62,Medium,0.5141675617615468,0.5649030075187971,Medium Risk,Medium Risk
28,2021,0.91,0.63,0.56,0.63,0.41,0.25,233,16,0.68,Medium,0.6407429287504475,0.5545390977443609,Medium Risk,Medium Risk
61,2024,0.89,0.99,0.82,0.95,0.72,0.69,162,8,0.89,High,0.30998030791263875,0.2578338345864662,Low Risk,Low Risk
22,2023,0.7,0.76,0.66,0.74,0.83,0.58,469,9,0.73,High,0.4935875402792696,0.47219699248120295,Medium Risk,Medium Risk
59,2025,0.63,0.53,0.97,0.95,0.47,0.1,245,12,0.7,Medium,0.42651808091657717,0.4814578947368421,Medium Risk,Medium Risk
19,2022,1.0,0.46,0.93,0.79,0.88,0.82,473,11,0.81,High,0.4479108485499463,0.4079518796992481,Medium Risk,Medium Risk
70,2024,0.49,0.9,0.55,0.64,0.93,0.54,98,15,0.67,Medium,0.5892445399212317,0.5646616541353384,Medium Risk,Medium Risk
87,2023,0.96,0.44,0.95,0.72,0.65,0.42,430,11,0.76,High,0.46991765127103474,0.4353233082706767,Medium Risk,Medium Risk
71,2021,0.44,0.52,0.59,0.8,0.86,0.57,164,6,0.59,Medium,0.5722556390977444,0.6411789473684212,Medium Risk,Medium Risk
1,2021,0.77,0.67,0.84,0.63,0.9,0.78,496,2,0.75,High,0.45024167561761547,0.4240548872180451,Medium Risk,Medium Risk
23,2022,0.43,0.44,0.61,0.81,0.79,0.77,358,18,0.56,Medium,0.7171410669530971,0.7599939849624059,High Risk,High Risk
57,2022,0.43,0.69,0.83,0.66,0.43,0.2,274,11,0.61,Medium,0.5877407805227354,0.6080233082706767,Medium Risk,Medium Risk
9,2025,0.69,0.72,0.86,0.61,0.78,0.93,165,9,0.73,High,0.5546419620479771,0.5069112781954888,Medium Risk,Medium Risk
24,2025,0.4,0.41,0.81,0.83,0.99,0.89,225,12,0.61,Medium,0.5973344074471895,0.6750578947368421,Medium Risk,High Risk
24,2022,0.4,0.48,0.56,0.7,0.51,0.96,232,5,0.51,Medium,0.7538524883637666,0.7871443609022555,High Risk,High Risk
33,2024,0.56,0.67,0.66,0.67,0.4,0.95,277,9,0.61,Medium,0.7091997851772288,0.6762684210526316,High Risk,High Risk
52,2022,0.6,0.51,0.68,0.65,0.62,0.27,348,18,0.6,Medium,0.666188686000716,0.6604368421052631,High Risk,High Risk
40,2021,0.48,0.75,0.72,0.61,0.33,0.83,482,15,0.6,Medium,0.7530200501253134,0.7061045112781955,High Risk,High Risk
36,2022,0.35,0.68,0.99,0.91,0.97,0.78,495,4,0.71,High,0.3914697457930541,0.48708120300751884,Medium Risk,Medium Risk
96,2023,0.83,0.71,0.96,0.93,0.89,0.67,453,4,0.85,High,0.28840852130325817,0.29680977443609025,Low Risk,Low Risk
73,2021,0.76,0.73,0.6,0.74,0.72,0.92,250,16,0.71,High,0.6292803437164339,0.5632819548872181,Medium Risk,Medium Risk
30,2021,0.81,0.87,0.9,0.83,0.31,0.76,158,2,0.8,High,0.42343895452918007,0.37374060150375943,Medium Risk,Medium Risk
24,2025,0.99,0.55,0.82,0.72,0.93,0.59,171,10,0.8,High,0.43437164339419976,0.3867887218045113,Medium Risk,Medium Risk
43,2022,0.39,0.45,0.84,0.76,0.81,0.11,78,15,0.59,Medium,0.5541424991049052,0.6371902255639098,Medium Risk,Medium Risk
51,2021,0.36,0.9,0.82,0.82,0.39,0.29,411,13,0.66,Medium,0.5337987826709633,0.5579353383458647,Medium Risk,Medium Risk
90,2025,0.43,0.41,0.67,0.79,0.43,0.49,115,6,0.53,Medium,0.6575277479412819,0.7243075187969925,Medium Risk,High Risk
76,2023,0.74,0.43,0.59,0.77,0.55,0.39,245,17,0.62,Medium,0.6634317937701396,0.6515736842105264,High Risk,Medium Risk
51,2025,0.47,0.9,0.73,0.71,0.99,0.82,233,6,0.72,High,0.4769835302542069,0.4827789473684211,Medium Risk,Medium Risk
19,2021,0.42,0.68,0.99,0.75,0.56,0.2,442,19,0.66,Medium,0.5479251700680272,0.5774571428571428,Medium Risk,Medium Risk
82,2025,1.0,0.62,0.53,0.94,1.0,0.82,182,14,0.8,High,0.4685964912280702,0.4228842105263158,Medium Risk,Medium Risk
22,2021,0.77,0.43,0.77,0.81,0.78,0.08,51,14,0.69,Medium,0.4778141783029,0.50226992481203,Medium Risk,Medium Risk
37,2024,0.45,0.45,0.78,0.61,0.59,0.07,156,8,0.55,Medium,0.5991639813820264,0.6533766917293232,Medium Risk,Medium Risk
57,2021,0.37,0.54,0.59,0.74,0.46,0.24,396,8,0.52,Medium,0.6527354099534549,0.7135624060150376,Medium Risk,High Risk
69,2025,0.77,0.97,0.82,0.9,0.83,0.33,454,0,0.86,High,0.22306122448979596,0.22572857142857145,Low Risk,Low Risk
3,2021,0.78,0.94,0.98,0.61,0.99,0.32,226,10,0.86,High,0.32712674543501613,0.27526015037593987,Low Risk,Low Risk
41,2022,0.56,0.92,0.61,0.66,0.94,0.94,199,4,0.71,High,0.5183064804869316,0.49159548872180453,Medium Risk,Medium Risk
11,2024,0.45,0.7,0.67,0.76,0.55,0.83,188,19,0.61,Medium,0.716938775510204,0.7046571428571428,High Risk,High Risk
85,2021,0.34,0.69,0.89,0.66,0.73,0.24,86,8,0.62,Medium,0.5108986752595776,0.5682052631578948,Medium Risk,Medium Risk
45,2025,0.76,0.57,0.74,0.94,0.53,0.53,95,5,0.71,High,0.45630146795560333,0.4758443609022557,Medium Risk,Medium Risk
8,2023,0.52,0.48,0.88,0.94,0.48,0.41,423,15,0.64,Medium,0.5549588256355175,0.6120045112781956,Medium Risk,Medium Risk
87,2021,0.62,0.91,0.88,0.84,0.54,0.19,259,11,0.77,High,0.3941353383458646,0.39045187969924816,Medium Risk,Medium Risk
35,2021,0.84,0.65,0.59,0.98,0.67,0.85,305,7,0.75,High,0.48167919799498743,0.4685135338345865,Medium Risk,Medium Risk
63,2021,0.4,0.53,0.74,0.62,0.62,0.42,263,3,0.56,Medium,0.6044611528822055,0.6570323308270677,Medium Risk,Medium Risk
17,2023,0.99,0.51,0.8,0.64,0.81,0.99,424,10,0.76,High,0.559813820264948,0.4808458646616541,Medium Risk,Medium Risk
99,2024,0.96,0.99,0.7,1.0,0.41,0.25,257,8,0.87,High,0.312531328320802,0.2567481203007519,Low Risk,Low Risk
95,2021,0.84,0.91,0.89,0.85,0.66,0.71,281,9,0.85,High,0.3775671321160043,0.3236112781954887,Medium Risk,Low Risk
75,2022,0.89,0.53,0.68,0.61,0.98,0.07,239,2,0.73,High,0.394187253848908,0.38879774436090225,Medium Risk,Medium Risk
60,2025,0.56,0.93,0.73,0.81,0.53,0.28,345,16,0.72,High,0.5076817042606515,0.488481954887218,Medium Risk,Medium Risk
32,2024,0.77,0.74,0.66,0.81,0.47,0.86,415,10,0.72,High,0.5800519155030432,0.5280315789473684,Medium Risk,Medium Risk
92,2021,0.67,0.86,0.88,0.85,0.85,0.33,470,6,0.8,High,0.31140529896168995,0.32563609022556395,Low Risk,Low Risk
90,2025,0.88,0.73,0.61,0.82,0.56,0.7,345,12,0.75,High,0.5445112781954888,0.4804864661654136,Medium Risk,Medium Risk
37,2023,0.78,0.53,0.99,0.94,0.85,0.33,168,5,0.79,High,0.2964375223773721,0.34684436090225557,Low Risk,Medium Risk
74,2023,0.44,0.95,0.93,0.68,0.91,0.21,302,0,0.75,High,0.30884353741496595,0.3508428571428572,Low Risk,Medium Risk
80,2025,0.43,0.86,0.7,0.95,0.67,0.02,306,10,0.69,Medium,0.39862334407447186,0.4633458646616541,Medium Risk,Medium Risk
88,2022,0.85,0.5,0.67,0.9,0.97,0.37,228,13,0.75,High,0.4363838166845686,0.4487924812030075,Medium Risk,Medium Risk
19,2024,0.76,0.52,0.65,0.65,0.57,0.2,273,7,0.64,Medium,0.5572234156820622,0.545984962406015,Medium Risk,Medium Risk
76,2022,0.71,0.62,0.68,0.87,0.57,0.26,252,11,0.69,Medium,0.4951217329036878,0.5055233082706767,Medium Risk,Medium Risk
67,2023,0.34,0.73,0.65,0.81,0.39,0.93,81,10,0.58,Medium,0.6993716433941997,0.7195601503759397,High Risk,High Risk
98,2025,0.73,0.46,0.68,0.7,0.94,0.85,351,9,0.67,Medium,0.5835875402792696,0.5781398496240602,Medium Risk,Medium Risk
23,2022,0.67,0.73,0.55,0.99,0.7,0.15,184,13,0.71,High,0.44417293233082694,0.47134962406015035,Medium Risk,Medium Risk
69,2022,0.37,0.66,0.67,0.86,0.95,0.25,172,7,0.63,Medium,0.45235947010383093,0.5454992481203007,Medium Risk,Medium Risk
55,2023,0.37,0.99,0.62,0.68,0.67,0.54,448,3,0.65,Medium,0.5208557107053348,0.5309466165413533,Medium Risk,Medium Risk
70,2025,0.73,0.83,0.51,0.83,0.92,0.02,485,4,0.74,High,0.34555137844611533,0.36066691729323314,Medium Risk,Medium Risk
83,2023,0.62,0.99,0.6,0.63,0.9,0.87,368,6,0.74,High,0.5161672037235948,0.4623646616541354,Medium Risk,Medium Risk
28,2021,0.82,0.56,0.51,0.79,0.9,0.9,420,4,0.7,Medium,0.5355513784461152,0.5195954887218045,Medium Risk,Medium Risk
97,2021,0.71,0.67,0.89,0.9,0.68,0.09,246,8,0.76,High,0.3432116004296456,0.37734812030075193,Medium Risk,Medium Risk
77,2024,0.74,0.8,0.61,0.93,0.5,0.19,72,4,0.73,High,0.39636770497672746,0.40430977443609023,Medium Risk,Medium Risk
6,2023,0.96,0.48,0.54,0.82,0.5,0.83,478,15,0.69,Medium,0.6610812746151093,0.5935473684210527,High Risk,Medium Risk
88,2024,0.37,0.48,0.53,1.0,0.57,0.91,473,15,0.54,Medium,0.7172037235947011,0.7847187969924813,High Risk,High Risk
50,2023,0.45,0.7,0.91,0.93,0.86,0.82,111,19,0.72,High,0.5229591836734693,0.5585428571428571,Medium Risk,Medium Risk
26,2022,0.92,0.58,0.97,0.78,0.77,0.27,453,10,0.81,High,0.36416756176154674,0.3454315789473684,Medium Risk,Medium Risk
95,2022,0.82,0.74,0.94,0.87,0.75,0.25,182,1,0.82,High,0.25646437522377374,0.2715774436090226,Low Risk,Low Risk
97,2025,0.56,0.99,0.8,0.76,0.88,0.73,99,8,0.78,High,0.4239598997493735,0.4071766917293233,Medium Risk,Medium Risk
72,2023,0.9,0.7,0.84,0.84,0.89,0.28,327,12,0.83,High,0.3473684210526316,0.3256150375939849,Medium Risk,Low Risk
48,2025,0.78,0.84,0.52,0.87,0.59,0.12,493,7,0.74,High,0.42001253132832084,0.40492781954887225,Medium Risk,Medium Risk
81,2025,0.48,0.47,0.94,0.68,0.88,0.41,379,11,0.64,Medium,0.5295094880057286,0.5834233082706767,Medium Risk,Medium Risk
97,2021,0.44,0.75,0.73,0.77,0.92,0.44,209,11,0.67,Medium,0.49498567848191916,0.5341661654135338,Medium Risk,Medium Risk
99,2024,0.94,0.81,0.73,0.64,0.85,0.08,449,11,0.81,High,0.3879448621553885,0.32130902255639104,Medium Risk,Low Risk
74,2022,0.41,0.4,0.71,0.65,0.41,0.08,92,7,0.5,Medium,0.6555907626208377,0.7205278195488721,Medium Risk,High Risk
64,2022,0.5,0.73,0.64,0.82,0.38,0.94,120,6,0.62,Medium,0.6393984962406015,0.6399646616541352,Medium Risk,Medium Risk
29,2022,0.85,0.55,0.83,0.73,0.66,0.67,295,14,0.73,High,0.5531203007518797,0.5076699248120301,Medium Risk,Medium Risk
37,2024,0.49,0.96,0.73,0.65,0.6,0.13,202,13,0.69,Medium,0.5136967418546365,0.4951924812030076,Medium Risk,Medium Risk
78,2022,0.95,0.79,0.96,0.93,0.78,0.36,53,18,0.89,High,0.328297529538131,0.28249398496240596,Low Risk,Low Risk
55,2021,0.97,0.83,0.94,0.97,0.66,0.63,216,12,0.9,High,0.3240691013247404,0.27225789473684214,Low Risk,Low Risk
36,2021,0.6,0.8,0.71,0.95,0.53,0.13,407,11,0.72,High,0.42716254923021835,0.4544375939849624,Medium Risk,Medium Risk
78,2022,0.65,0.86,0.94,0.64,0.57,0.78,264,2,0.75,High,0.4646974579305407,0.42769774436090224,Medium Risk,Medium Risk
33,2023,0.89,0.55,0.94,0.9,0.81,0.35,333,1,0.81,High,0.27874328678839955,0.30564887218045106,Low Risk,Low Risk
90,2025,0.9,0.62,0.57,0.73,0.62,0.53,207,10,0.71,High,0.5586233440744719,0.5027172932330827,Medium Risk,Medium Risk
68,2021,0.89,0.5,0.66,0.96,0.69,0.58,180,7,0.74,High,0.4516791979949874,0.457384962406015,Medium Risk,Medium Risk
28,2023,0.44,0.73,1.0,0.83,0.33,0.8,329,12,0.67,Medium,0.5805316863587541,0.5929436090225564,Medium Risk,Medium Risk
16,2025,0.94,0.67,0.87,0.82,0.48,0.67,498,4,0.79,High,0.42415682062298604,0.3782097744360903,Medium Risk,Medium Risk
49,2021,0.72,0.99,0.63,0.62,0.32,0.71,482,10,0.71,High,0.616344432509846,0.5141887218045114,Medium Risk,Medium Risk
23,2021,0.78,0.56,0.92,0.63,0.84,0.1,89,0,0.74,High,0.3515986394557823,0.36879999999999996,Medium Risk,Medium Risk
42,2024,0.64,0.62,0.82,0.98,0.33,0.92,152,0,0.69,Medium,0.4906802721088435,0.519942857142857,Medium Risk,Medium Risk
8,2021,0.63,0.92,0.71,0.81,0.31,0.16,366,2,0.71,High,0.42398317221625487,0.41906917293233076,Medium Risk,Medium Risk
86,2023,0.71,0.49,0.72,0.74,0.65,0.87,292,18,0.66,Medium,0.6845220193340494,0.651893984962406,High Risk,Medium Risk
46,2023,0.63,0.85,0.57,0.87,0.47,0.44,50,5,0.69,Medium,0.489124597207304,0.4866157894736842,Medium Risk,Medium Risk
7,2025,0.47,0.46,0.85,0.61,0.73,0.14,245,11,0.59,Medium,0.5766863587540279,0.6247518796992482,Medium Risk,Medium Risk
80,2022,0.67,0.43,0.67,0.63,0.58,0.67,175,7,0.6,Medium,0.6635499462943072,0.6564278195488721,High Risk,Medium Risk
88,2024,0.38,0.55,0.55,0.92,0.39,0.6,67,2,0.54,Medium,0.6160580021482277,0.6960263157894737,Medium Risk,High Risk
6,2022,0.58,0.76,0.75,0.72,0.69,0.67,305,14,0.69,Medium,0.5785284640171858,0.5563984962406014,Medium Risk,Medium Risk
45,2021,0.41,0.89,0.61,0.81,0.39,0.47,162,5,0.63,Medium,0.5551109917651271,0.5746443609022556,Medium Risk,Medium Risk
11,2022,0.64,0.68,0.63,0.97,0.59,0.86,422,8,0.69,Medium,0.5327694235588972,0.545590977443609,Medium Risk,Medium Risk
85,2025,0.59,0.47,0.72,0.74,0.46,0.64,411,2,0.6,Medium,0.5993913354815611,0.6278263157894737,Medium Risk,Medium Risk
33,2021,0.99,0.95,0.51,0.91,0.38,0.03,273,10,0.81,High,0.3920927318295739,0.3198172932330828,Medium Risk,Low Risk
14,2023,0.85,0.47,0.56,0.97,0.36,0.69,66,4,0.67,Medium,0.5524901539563194,0.5543812030075188,Medium Risk,Medium Risk
12,2022,0.56,0.45,0.8,0.86,0.56,0.74,346,14,0.63,Medium,0.6286645184389544,0.6590413533834586,Medium Risk,Medium Risk
14,2021,0.58,0.66,0.98,0.87,0.52,0.73,385,1,0.72,High,0.42857321876118876,0.4658917293233083,Medium Risk,Medium Risk
45,2022,0.63,0.85,0.69,0.95,0.57,0.35,213,3,0.74,High,0.3779645542427498,0.40417518796992474,Medium Risk,Medium Risk
56,2022,0.8,0.6,0.64,0.81,0.36,0.12,478,18,0.68,Medium,0.5898621553884712,0.5560511278195489,Medium Risk,Medium Risk
7,2024,0.49,0.53,0.54,0.66,0.84,0.72,436,10,0.57,Medium,0.6795417114214105,0.6985887218045113,High Risk,High Risk
22,2025,0.85,0.93,0.78,0.74,0.72,0.09,231,3,0.83,High,0.2955495882563552,0.26034661654135344,Low Risk,Low Risk
50,2023,0.43,0.69,0.7,0.92,0.83,0.13,394,11,0.66,Medium,0.4403938417472252,0.5199661654135338,Medium Risk,Medium Risk
93,2023,0.67,0.91,0.53,0.81,0.68,0.86,80,3,0.72,High,0.5016380236305048,0.471060902255639,Medium Risk,Medium Risk
10,2022,0.88,0.78,0.7,0.99,0.63,0.97,389,13,0.81,High,0.47798245614035084,0.42684962406015037,Medium Risk,Medium Risk
86,2025,0.68,0.65,0.76,0.82,0.57,1.0,57,2,0.7,Medium,0.5271464375223773,0.5224263157894737,Medium Risk,Medium Risk
42,2025,0.7,0.66,0.51,1.0,0.68,0.47,64,13,0.7,Medium,0.5123702112423916,0.527821052631579,Medium Risk,Medium Risk
39,2025,0.87,0.56,0.9,0.71,0.32,0.52,264,12,0.72,High,0.5667221625492302,0.5101578947368421,Medium Risk,Medium Risk
97,2025,0.75,0.95,0.89,0.67,0.86,0.64,96,4,0.83,High,0.3622860723236663,0.31558120300751885,Medium Risk,Low Risk
62,2024,0.7,0.68,0.82,0.72,0.43,0.62,205,18,0.7,Medium,0.6290798424633012,0.5768225563909775,Medium Risk,Medium Risk
42,2024,0.73,0.62,0.88,0.75,0.64,0.41,277,8,0.73,High,0.46134085213032583,0.4580195488721804,Medium Risk,Medium Risk
10,2025,0.96,0.91,0.96,0.78,0.68,0.74,178,8,0.89,High,0.35076262083780874,0.26771954887218047,Medium Risk,Low Risk
56,2021,0.75,0.64,0.95,0.94,0.47,0.69,229,13,0.76,High,0.47692803437164344,0.46813533834586474,Medium Risk,Medium Risk
69,2025,0.54,0.9,0.66,0.85,0.99,0.88,453,4,0.75,High,0.4262316505549588,0.4414526315789473,Medium Risk,Medium Risk
36,2025,0.54,0.66,0.67,0.73,0.68,0.19,367,10,0.64,Medium,0.5331811672037235,0.558145864661654,Medium Risk,Medium Risk
81,2024,0.89,0.41,0.62,0.9,0.71,0.78,85,9,0.7,Medium,0.5454923021840317,0.5386684210526316,Medium Risk,Medium Risk
36,2023,0.46,0.73,0.82,0.67,0.98,0.49,74,16,0.68,Medium,0.5381578947368421,0.5519390977443609,Medium Risk,Medium Risk
53,2021,0.94,0.68,0.66,0.91,0.31,0.43,398,11,0.75,High,0.502672753311851,0.45086616541353386,Medium Risk,Medium Risk
55,2022,0.58,0.56,0.5,0.89,0.88,0.4,249,9,0.64,Medium,0.521920873612603,0.5742255639097744,Medium Risk,Medium Risk
51,2023,0.74,0.41,0.74,0.86,0.94,0.38,375,5,0.7,Medium,0.4219477264590047,0.47613007518797,Medium Risk,Medium Risk
97,2024,0.95,0.64,0.66,0.95,0.33,0.14,303,0,0.75,High,0.3676530612244898,0.36297142857142856,Medium Risk,Medium Risk
72,2023,0.31,0.92,0.73,0.6,0.58,0.19,281,15,0.62,Medium,0.6055030433225922,0.6082902255639099,Medium Risk,Medium Risk
94,2025,0.33,0.79,0.92,0.89,0.88,0.2,282,0,0.7,Medium,0.30193877551020404,0.4135857142857143,Low Risk,Medium Risk
28,2021,0.8,0.75,0.95,0.93,0.8,0.03,225,4,0.84,High,0.21480307912638735,0.2471240601503759,Low Risk,Low Risk
21,2021,0.67,0.59,0.57,0.82,0.5,0.23,123,8,0.64,Medium,0.547157178660938,0.5622624060150376,Medium Risk,Medium Risk
45,2023,0.78,0.77,0.58,0.94,0.44,0.93,210,6,0.73,High,0.5333440744718941,0.499136090225564,Medium Risk,Medium Risk
15,2022,0.42,0.72,0.68,0.65,0.33,0.56,143,7,0.57,Medium,0.6708288578589331,0.673042105263158,High Risk,High Risk
88,2023,0.54,0.43,0.7,0.65,0.54,0.79,355,12,0.56,Medium,0.7372663802363052,0.7393721804511277,High Risk,High Risk
39,2024,0.73,0.5,0.54,0.87,0.94,0.46,354,2,0.68,Medium,0.44500358037952026,0.49069774436090224,Medium Risk,Medium Risk
87,2025,0.81,0.67,0.53,0.92,0.32,0.7,106,13,0.69,Medium,0.6167239527389903,0.572263909774436,Medium Risk,Medium Risk
52,2024,0.79,0.9,0.52,0.73,0.97,0.95,389,1,0.77,High,0.449593626924454,0.39977744360902256,Medium Risk,Medium Risk
27,2022,0.64,0.74,0.58,0.96,0.46,0.19,272,9,0.68,Medium,0.4746759756534193,0.49828270676691727,Medium Risk,Medium Risk
4,2024,0.42,0.89,0.68,0.72,0.88,0.64,232,17,0.68,Medium,0.5797243107769424,0.5737451127819548,Medium Risk,Medium Risk
65,2021,0.94,0.87,0.78,0.63,0.76,0.53,418,1,0.83,High,0.3704099534550663,0.29582030075187976,Medium Risk,Low Risk
51,2024,0.54,0.63,0.84,0.8,0.36,0.39,168,1,0.64,Medium,0.4929609738632296,0.5333631578947369,Medium Risk,Medium Risk
8,2022,0.43,0.6,0.77,0.97,0.68,0.71,101,11,0.65,Medium,0.5374346580737559,0.6048375939849624,Medium Risk,Medium Risk
62,2025,0.87,0.64,0.51,0.62,0.9,0.96,106,18,0.71,High,0.6808485499462943,0.585993984962406,High Risk,Medium Risk
67,2022,0.56,0.79,0.62,0.82,0.85,0.87,137,14,0.7,Medium,0.5728141783029,0.5622699248120301,Medium Risk,Medium Risk
9,2024,0.63,0.45,0.53,0.75,0.62,0.61,58,8,0.58,Medium,0.6548782670963121,0.6702338345864661,Medium Risk,High Risk
60,2023,0.34,0.94,0.9,0.69,0.57,0.27,173,5,0.68,Medium,0.4521858216970999,0.48445864661654137,Medium Risk,Medium Risk
47,2024,0.85,0.67,0.6,0.68,0.41,0.55,312,5,0.69,Medium,0.5743286788399571,0.5153872180451128,Medium Risk,Medium Risk
22,2022,0.59,0.58,0.52,0.9,0.82,0.67,314,1,0.64,Medium,0.4964983888292159,0.5504917293233084,Medium Risk,Medium Risk
80,2022,0.64,0.58,0.55,0.63,0.54,0.8,270,16,0.6,Medium,0.7626476906552095,0.7133533834586467,High Risk,High Risk
68,2025,0.94,0.94,0.76,0.69,0.86,0.21,103,13,0.86,High,0.36213211600429646,0.27996390977443614,Medium Risk,Low Risk
10,2024,0.43,0.97,0.87,0.89,0.35,0.9,52,2,0.71,High,0.4761600429645542,0.4888263157894737,Medium Risk,Medium Risk
13,2022,0.97,0.46,0.74,0.62,0.65,0.25,346,5,0.71,High,0.48943071965628354,0.4504872180451128,Medium Risk,Medium Risk
33,2025,0.74,0.92,0.99,0.8,0.62,0.08,59,11,0.83,High,0.31808091657715715,0.29649473684210526,Low Risk,Low Risk
2,2023,0.57,0.4,0.81,0.77,0.39,0.3,179,15,0.59,Medium,0.6471697099892587,0.6760616541353384,Medium Risk,High Risk
27,2022,0.62,0.88,0.56,0.63,0.33,0.54,489,17,0.65,Medium,0.7056766917293232,0.6257308270676691,High Risk,Medium Risk
95,2025,0.78,0.73,0.78,0.89,0.49,0.35,119,17,0.76,High,0.49322771213748656,0.4631736842105263,Medium Risk,Medium Risk
49,2024,0.68,0.82,1.0,0.77,0.6,0.84,483,2,0.78,High,0.4069763694951664,0.38981203007518794,Medium Risk,Medium Risk
99,2025,0.63,0.83,0.67,0.85,0.65,0.37,234,4,0.72,High,0.41820443967060505,0.43106691729323304,Medium Risk,Medium Risk
83,2025,0.44,0.92,0.63,0.85,0.42,0.4,497,15,0.66,Medium,0.5809112065878983,0.5802902255639099,Medium Risk,Medium Risk
4,2021,0.44,0.65,0.77,0.83,0.72,0.64,102,11,0.64,Medium,0.555325814536341,0.5981947368421053,Medium Risk,Medium Risk
25,2023,0.33,0.86,0.92,0.68,0.44,0.04,296,3,0.64,Medium,0.4497672753311851,0.500018045112782,Medium Risk,Medium Risk
93,2021,0.56,0.58,0.55,0.8,0.57,0.69,133,15,0.6,Medium,0.68890440386681,0.6892330827067669,High Risk,High Risk
66,2021,0.73,0.43,0.81,0.87,0.44,0.82,58,4,0.66,Medium,0.5530343716433943,0.5700954887218045,Medium Risk,Medium Risk
24,2023,0.51,0.57,0.93,0.6,0.44,0.59,444,5,0.62,Medium,0.6014035087719298,0.6110157894736842,Medium Risk,Medium Risk
70,2025,0.95,0.47,0.62,0.96,0.42,0.68,125,5,0.71,High,0.5123558897243108,0.49704436090225557,Medium Risk,Medium Risk
11,2023,0.72,0.47,0.77,0.6,0.65,0.7,169,0,0.64,Medium,0.5633333333333334,0.5583,Medium Risk,Medium Risk
58,2022,0.6,0.65,0.52,0.84,0.68,0.08,122,14,0.64,Medium,0.54124955245256,0.5655556390977442,Medium Risk,Medium Risk
85,2024,0.9,0.4,0.94,0.61,0.83,0.36,211,10,0.73,High,0.48100429645542425,0.45751729323308266,Medium Risk,Medium Risk
10,2023,0.84,0.44,0.96,0.62,0.64,0.72,288,13,0.71,High,0.5872001432151809,0.5411067669172933,Medium Risk,Medium Risk
36,2022,0.43,0.62,0.69,0.79,0.72,0.57,350,17,0.61,Medium,0.636765127103473,0.6659308270676692,Medium Risk,High Risk
64,2022,0.6,0.64,0.86,0.97,0.77,0.47,206,8,0.73,High,0.3922932330827068,0.44793383458646613,Medium Risk,Medium Risk
20,2023,0.37,0.42,0.73,0.93,0.52,0.38,154,2,0.55,Medium,0.5360920157536698,0.6541548872180452,Medium Risk,Medium Risk
36,2021,0.76,0.67,0.94,0.88,0.54,0.88,450,15,0.77,High,0.5199248120300751,0.4869045112781955,Medium Risk,Medium Risk
84,2023,0.76,0.85,0.73,0.63,0.84,0.05,298,8,0.76,High,0.39392588614393126,0.36151954887218046,Medium Risk,Medium Risk
3,2022,0.46,0.74,0.97,0.8,0.38,0.63,332,14,0.68,Medium,0.5739026136770498,0.5811984962406015,Medium Risk,Medium Risk
96,2024,0.53,0.87,0.67,0.7,0.92,0.55,234,19,0.71,High,0.5660544217687075,0.5401571428571428,Medium Risk,Medium Risk
58,2023,0.78,0.53,0.81,0.95,0.79,0.24,197,16,0.75,High,0.4263891872538489,0.44996766917293235,Medium Risk,Medium Risk
74,2021,0.7,0.67,0.72,0.64,0.4,0.82,74,11,0.66,Medium,0.6706659505907625,0.6101947368421052,High Risk,Medium Risk
18,2025,0.73,0.83,0.69,0.87,0.8,0.94,332,9,0.78,High,0.4733494450411744,0.4430398496240601,Medium Risk,Medium Risk
83,2021,0.91,0.88,0.79,0.63,0.49,0.3,469,4,0.79,High,0.41609559613319014,0.33650977443609026,Medium Risk,Medium Risk
39,2025,0.42,0.92,0.75,0.7,0.78,0.89,464,16,0.69,Medium,0.6083279627640531,0.5844962406015038,Medium Risk,Medium Risk
87,2025,0.83,0.44,0.61,0.79,0.72,0.34,282,2,0.67,Medium,0.4752076620121733,0.49349774436090227,Medium Risk,Medium Risk
10,2021,0.4,0.67,0.59,0.86,0.41,0.9,373,1,0.58,Medium,0.6246616541353384,0.669506015037594,Medium Risk,High Risk
